time,seconds_elapsed,z,y,x
1772882857474556000,0.059555908203125,-1.0004119873046875,-0.0264129638671875,-0.0088043212890625
1772882857484488000,0.069488037109375,-0.9972686767578125,-0.023712158203125,-0.0075225830078125
1772882857494421000,0.0794208984375,-0.99761962890625,-0.02386474609375,-0.00811767578125
1772882857504354000,0.08935400390625,-0.994720458984375,-0.02362060546875,-0.0072021484375
1772882857514286000,0.0992861328125,-0.994537353515625,-0.0260162353515625,-0.007171630859375
1772882857524219100,0.10921923828125,-0.99896240234375,-0.0252685546875,-0.0094146728515625
1772882857534152000,0.11915185546875,-0.99853515625,-0.02490234375,-0.00860595703125
1772882857544083700,0.129083740234375,-0.997528076171875,-0.0250091552734375,-0.0071563720703125
1772882857554017000,0.13901708984375,-1.001312255859375,-0.024658203125,-0.007415771484375
1772882857563950000,0.1489501953125,-0.9976348876953125,-0.0246734619140625,-0.008697509765625
1772882857573881900,0.1588818359375,-0.996429443359375,-0.0233306884765625,-0.0059356689453125
1772882857583815000,0.16881494140625,-0.9968719482421875,-0.02325439453125,-0.00714111328125
1772882857593748000,0.178748046875,-0.99639892578125,-0.0240325927734375,-0.0072784423828125
1772882857603680000,0.188679931640625,-0.9958648681640625,-0.023895263671875,-0.010589599609375
1772882857613612800,0.19861279296875,-0.9970550537109375,-0.02392578125,-0.007476806640625
1772882857623545900,0.2085458984375,-0.99737548828125,-0.022369384765625,-0.0076446533203125
1772882857633478000,0.218477783203125,-0.9968109130859375,-0.0228729248046875,-0.0084075927734375
1772882857643411000,0.228410888671875,-0.9969635009765625,-0.024139404296875,-0.0083160400390625
1772882857653344000,0.238343994140625,-0.99945068359375,-0.02288818359375,-0.0078582763671875
1772882857663276000,0.248276123046875,-0.997467041015625,-0.022308349609375,-0.0099029541015625
1772882857673208800,0.258208740234375,-0.9954376220703125,-0.02362060546875,-0.008758544921875
1772882857683142000,0.268141845703125,-0.9975738525390625,-0.025543212890625,-0.0077667236328125
1772882857693074000,0.278073974609375,-0.9963531494140625,-0.02410888671875,-0.0084686279296875
1772882857703007000,0.288007080078125,-0.99578857421875,-0.0238189697265625,-0.00946044921875
1772882857712940000,0.29793994140625,-0.995513916015625,-0.0251617431640625,-0.005859375
1772882857722872000,0.3078720703125,-0.9959259033203125,-0.0233917236328125,-0.0079498291015625
1772882857732805000,0.31780517578125,-0.9987030029296875,-0.024383544921875,-0.009735107421875
1772882857742738000,0.327738037109375,-0.998779296875,-0.023651123046875,-0.0091705322265625
1772882857752670000,0.337669921875,-0.9989166259765625,-0.023468017578125,-0.0098114013671875
1772882857762603000,0.34760302734375,-0.999176025390625,-0.0230712890625,-0.00701904296875
1772882857772536000,0.3575361328125,-0.9962310791015625,-0.0232696533203125,-0.0093231201171875
1772882857782467800,0.3674677734375,-0.9942474365234375,-0.0242156982421875,-0.0094451904296875
1772882857792401000,0.37740087890625,-0.9950714111328125,-0.025604248046875,-0.0078125
1772882857802334000,0.387333984375,-0.996826171875,-0.024444580078125,-0.0101470947265625
1772882857812266000,0.397265869140625,-0.99658203125,-0.0245208740234375,-0.0102996826171875
1772882857822198800,0.40719873046875,-0.9979248046875,-0.0240936279296875,-0.0089111328125
1772882857832131800,0.4171318359375,-0.99853515625,-0.024139404296875,-0.009124755859375
1772882857842064000,0.42706396484375,-0.9969940185546875,-0.02166748046875,-0.0074310302734375
1772882857851997000,0.436996826171875,-0.997955322265625,-0.024383544921875,-0.008392333984375
1772882857861930000,0.446929931640625,-0.9973907470703125,-0.0234832763671875,-0.00787353515625
1772882857871862000,0.456862060546875,-0.9958343505859375,-0.025146484375,-0.0097198486328125
1772882857881794800,0.466794921875,-0.9980621337890625,-0.02508544921875,-0.01043701171875
1772882857891728000,0.476727783203125,-0.9949798583984375,-0.024444580078125,-0.0078277587890625
1772882857901661000,0.486660888671875,-0.9947662353515625,-0.0237884521484375,-0.0077056884765625
1772882857911593000,0.496593017578125,-0.9974365234375,-0.0239715576171875,-0.007232666015625
1772882857921526000,0.506526123046875,-0.9998016357421875,-0.022613525390625,-0.007171630859375
1772882857931459000,0.516458984375,-0.99713134765625,-0.0244598388671875,-0.0075531005859375
1772882857941391000,0.52639111328125,-0.997344970703125,-0.023834228515625,-0.0054931640625
1772882857951324000,0.536323974609375,-0.99761962890625,-0.023712158203125,-0.0082550048828125
1772882857961257000,0.546257080078125,-0.99530029296875,-0.0236663818359375,-0.007354736328125
1772882857971189000,0.55618896484375,-0.99688720703125,-0.02410888671875,-0.0088958740234375
1772882857981122000,0.5661220703125,-0.99713134765625,-0.0247802734375,-0.009552001953125
1772882857991055000,0.57605517578125,-0.9953460693359375,-0.0231170654296875,-0.0078582763671875
1772882858000987100,0.585987060546875,-0.995452880859375,-0.0249176025390625,-0.0051422119140625
1772882858010920000,0.595919921875,-0.9980621337890625,-0.0245361328125,-0.0054779052734375
1772882858020853000,0.60585302734375,-0.9993896484375,-0.024566650390625,-0.0067138671875
1772882858030784800,0.61578466796875,-1.0033721923828125,-0.0238037109375,-0.01043701171875
1772882858040717800,0.6257177734375,-1.0008697509765625,-0.0254364013671875,-0.008209228515625
1772882858050651000,0.63565087890625,-0.9962921142578125,-0.0256805419921875,-0.0076904296875
1772882858060583000,0.6455830078125,-0.9899749755859375,-0.0238037109375,-0.0061798095703125
1772882858070516000,0.655515869140625,-0.9941253662109375,-0.0260009765625,-0.001495361328125
1772882858080449000,0.665448974609375,-0.99969482421875,-0.0250701904296875,-0.007415771484375
1772882858090381000,0.675381103515625,-0.9942779541015625,-0.0253753662109375,-0.0052642822265625
1772882858100314000,0.685314208984375,-0.9918975830078125,-0.0283966064453125,-0.0052337646484375
1772882858110247200,0.6952470703125,-1.00238037109375,-0.025634765625,-0.0035400390625
1772882858120179200,0.70517919921875,-1.003021240234375,-0.0261688232421875,-0.0106201171875
1772882858130112300,0.7151123046875,-0.9969635009765625,-0.02410888671875,-0.0034332275390625
1772882858140045000,0.725045166015625,-0.996612548828125,-0.0257110595703125,-0.003814697265625
1772882858149977000,0.73497705078125,-0.994171142578125,-0.0263671875,-0.002227783203125
1772882858159910100,0.74491015625,-0.99285888671875,-0.0253143310546875,-0.003173828125
1772882858169843200,0.75484326171875,-0.99932861328125,-0.02447509765625,-0.0053558349609375
1772882858179775000,0.76477490234375,-0.9976043701171875,-0.026031494140625,-0.00555419921875
1772882858189708300,0.774708251953125,-0.9931793212890625,-0.025421142578125,-0.005706787109375
1772882858199641300,0.784641357421875,-0.9957122802734375,-0.02703857421875,-0.0066680908203125
1772882858209573000,0.794572998046875,-0.9982147216796875,-0.0262451171875,-0.0042877197265625
1772882858219506000,0.804505859375,-0.9998626708984375,-0.02484130859375,-0.0072021484375
1772882858229439000,0.81443896484375,-0.999298095703125,-0.0243682861328125,-0.0051727294921875
1772882858239371000,0.82437109375,-0.9978179931640625,-0.0247039794921875,-0.002349853515625
1772882858249304000,0.834303955078125,-0.9956817626953125,-0.024322509765625,-0.0022735595703125
1772882858259237000,0.844237060546875,-0.9925994873046875,-0.02734375,-0.0018463134765625
1772882858269169200,0.854169189453125,-0.9942169189453125,-0.0251617431640625,-0.0048065185546875
1772882858279102200,0.864102294921875,-0.9968414306640625,-0.0260772705078125,-0.0074462890625
1772882858289035000,0.874034912109375,-0.9929656982421875,-0.02545166015625,-0.001861572265625
1772882858298967000,0.883967041015625,-0.99981689453125,-0.0250396728515625,-0.0056610107421875
1772882858308900000,0.893900146484375,-1.00201416015625,-0.024810791015625,-0.0061187744140625
1772882858318833200,0.903833251953125,-0.9976806640625,-0.0249786376953125,-0.0035247802734375
1772882858328765200,0.91376513671875,-0.996826171875,-0.0267333984375,-0.00103759765625
1772882858338698200,0.9236982421875,-0.992431640625,-0.02593994140625,-0.00152587890625
1772882858348631000,0.933631103515625,-0.99761962890625,-0.0249481201171875,-0.0062255859375
1772882858358563000,0.94356298828125,-0.9989166259765625,-0.025360107421875,-0.0047149658203125
1772882858368496000,0.95349609375,-0.9964599609375,-0.025604248046875,-0.0044097900390625
1772882858378429200,0.96342919921875,-0.99664306640625,-0.0241546630859375,-0.004119873046875
1772882858388361200,0.973361328125,-0.9967803955078125,-0.0252685546875,-0.0064544677734375
1772882858398294300,0.983294189453125,-0.9997711181640625,-0.0250091552734375,-0.0057220458984375
1772882858408227300,0.993227294921875,-0.9974365234375,-0.0260467529296875,-0.002349853515625
1772882858418159000,1.0031591796875,-0.993927001953125,-0.0256195068359375,-0.0022430419921875
1772882858428092000,1.013091796875,-0.9974822998046875,-0.026611328125,-0.0046844482421875
1772882858438025200,1.023025146484375,-0.9989013671875,-0.026092529296875,-0.005401611328125
1772882858447957000,1.03295703125,-0.9966888427734375,-0.0260467529296875,-0.0046539306640625
1772882858457890000,1.04289013671875,-0.9962158203125,-0.0265960693359375,-0.004302978515625
1772882858467823000,1.052822998046875,-0.9973297119140625,-0.0257110595703125,-0.004119873046875
1772882858477755100,1.062755126953125,-0.9966888427734375,-0.0248870849609375,-0.00640869140625
1772882858487688200,1.072688232421875,-0.9969940185546875,-0.0254974365234375,-0.00421142578125
1772882858497621000,1.08262109375,-0.99627685546875,-0.0263519287109375,-0.0042266845703125
1772882858507554000,1.092553955078125,-0.997955322265625,-0.0245208740234375,-0.00311279296875
1772882858517486000,1.102486083984375,-0.997528076171875,-0.0247039794921875,-0.004364013671875
1772882858527419100,1.112419189453125,-0.9978790283203125,-0.02508544921875,-0.0039520263671875
1772882858537352200,1.122352294921875,-0.997406005859375,-0.02642822265625,-0.004638671875
1772882858547284200,1.1322841796875,-0.9962005615234375,-0.0245208740234375,-0.0049896240234375
1772882858557217000,1.142217041015625,-0.9964141845703125,-0.0239105224609375,-0.0045318603515625
1772882858567150000,1.152150146484375,-0.9979248046875,-0.0243682861328125,-0.0050811767578125
1772882858577082000,1.16208203125,-0.99609375,-0.0241241455078125,-0.004425048828125
1772882858587015200,1.17201513671875,-0.9970550537109375,-0.025054931640625,-0.003509521484375
1772882858596948200,1.1819482421875,-0.9972991943359375,-0.0257110595703125,-0.0023193359375
1772882858606880300,1.19188037109375,-0.996063232421875,-0.025604248046875,-0.0033416748046875
1772882858616813000,1.20181298828125,-0.999664306640625,-0.0263519287109375,-0.0037384033203125
1772882858626746000,1.21174609375,-0.99835205078125,-0.0252227783203125,-0.0036773681640625
1772882858636678100,1.22167822265625,-0.9970550537109375,-0.0242767333984375,-0.0039520263671875
1772882858646611200,1.231611083984375,-0.99578857421875,-0.02386474609375,-0.003509521484375
1772882858656544300,1.241544189453125,-0.9964599609375,-0.0238189697265625,-0.003692626953125
1772882858666476000,1.25147607421875,-0.9966278076171875,-0.0247344970703125,-0.0040283203125
1772882858676409000,1.2614091796875,-0.9959564208984375,-0.026824951171875,-0.00482177734375
1772882858686342000,1.271341796875,-0.9987030029296875,-0.026153564453125,-0.0034332275390625
1772882858696274000,1.28127392578125,-0.9986724853515625,-0.0261688232421875,-0.0024261474609375
1772882858706207000,1.29120703125,-0.997161865234375,-0.027099609375,-0.004608154296875
1772882858716140000,1.30114013671875,-0.9969940185546875,-0.02667236328125,-0.003814697265625
1772882858726072000,1.311072021484375,-0.9976959228515625,-0.025543212890625,-0.005035400390625
1772882858736005000,1.321005126953125,-0.996917724609375,-0.0250396728515625,-0.0051116943359375
1772882858745938200,1.330938232421875,-0.9977264404296875,-0.0247955322265625,-0.0048370361328125
1772882858755870200,1.3408701171875,-0.9972381591796875,-0.0261077880859375,-0.0040740966796875
1772882858765803000,1.350802978515625,-0.9986724853515625,-0.0253448486328125,-0.003509521484375
1772882858775736000,1.360736083984375,-0.9971160888671875,-0.0255889892578125,-0.0045623779296875
1772882858785668000,1.370668212890625,-0.99658203125,-0.0250396728515625,-0.0031585693359375
1772882858795601200,1.38060107421875,-0.99853515625,-0.0252227783203125,-0.003265380859375
1772882858805534200,1.3905341796875,-0.9978485107421875,-0.0256195068359375,-0.0027618408203125
1772882858815466200,1.40046630859375,-0.99603271484375,-0.0263214111328125,-0.00311279296875
1772882858825399000,1.41039892578125,-0.9973602294921875,-0.02618408203125,-0.0024566650390625
1772882858835332000,1.42033203125,-0.996490478515625,-0.025238037109375,-0.004669189453125
1772882858845264100,1.43026416015625,-0.9959259033203125,-0.0264129638671875,-0.0033721923828125
1772882858855197200,1.440197265625,-0.99578857421875,-0.0259552001953125,-0.0043792724609375
1772882858865130200,1.450130126953125,-0.995758056640625,-0.0262908935546875,-0.004547119140625
1772882858875062300,1.460062255859375,-0.99627685546875,-0.0251617431640625,-0.00579833984375
1772882858884995300,1.469995361328125,-0.9973297119140625,-0.0255889892578125,-0.003082275390625
1772882858894928100,1.47992822265625,-0.9980316162109375,-0.0253753662109375,-0.003631591796875
1772882858904860000,1.48985986328125,-0.9972991943359375,-0.025665283203125,-0.003631591796875
1772882858914793000,1.49979296875,-0.996673583984375,-0.0240631103515625,-0.0021514892578125
1772882858924726000,1.50972607421875,-0.99627685546875,-0.025665283203125,-0.003997802734375
1772882858934658000,1.519657958984375,-0.9969482421875,-0.025665283203125,-0.0048370361328125
1772882858944591000,1.529591064453125,-0.9956512451171875,-0.025909423828125,-0.0023345947265625
1772882858954524200,1.539524169921875,-0.9977264404296875,-0.0260162353515625,-0.0035400390625
1772882858964456200,1.549456298828125,-0.9968414306640625,-0.026153564453125,-0.0055084228515625
1772882858974389000,1.559388916015625,-0.9968414306640625,-0.0261688232421875,-0.0029144287109375
1772882858984322000,1.569322021484375,-0.99591064453125,-0.0254974365234375,-0.0046539306640625
1772882858994254000,1.579254150390625,-0.99713134765625,-0.025543212890625,-0.003173828125
1772882859004187100,1.589187255859375,-0.9954681396484375,-0.0252838134765625,-0.0033721923828125
1772882859014120200,1.5991201171875,-0.99737548828125,-0.0248870849609375,-0.0029754638671875
1772882859024052200,1.60905224609375,-0.997711181640625,-0.02593994140625,-0.0037384033203125
1772882859033985000,1.618985107421875,-0.9956817626953125,-0.025909423828125,-0.00274658203125
1772882859043918000,1.62891796875,-0.998504638671875,-0.026031494140625,-0.0027008056640625
1772882859053850000,1.63885009765625,-0.9981536865234375,-0.0252838134765625,-0.004425048828125
1772882859063783200,1.648783203125,-0.997161865234375,-0.0254364013671875,-0.005218505859375
1772882859073716200,1.65871630859375,-0.9967041015625,-0.02496337890625,-0.003509521484375
1772882859083648300,1.668648193359375,-0.996978759765625,-0.02593994140625,-0.004425048828125
1772882859093581300,1.678581298828125,-0.99676513671875,-0.0252685546875,-0.004364013671875
1772882859103514000,1.68851416015625,-0.9969482421875,-0.0264434814453125,-0.0032806396484375
1772882859113446100,1.698446044921875,-0.9966583251953125,-0.026397705078125,-0.0029144287109375
1772882859123379200,1.708379150390625,-0.9962615966796875,-0.0243988037109375,-0.0014190673828125
1772882859133312300,1.718312255859375,-0.9966888427734375,-0.0250244140625,-0.00531005859375
1772882859143244300,1.728244384765625,-0.9985504150390625,-0.0243072509765625,-0.00311279296875
1772882859153177300,1.73817724609375,-0.997406005859375,-0.024810791015625,-0.0040740966796875
1772882859163110100,1.748110107421875,-0.996490478515625,-0.0249786376953125,-0.0046234130859375
1772882859173042200,1.758042236328125,-0.997802734375,-0.0251007080078125,-0.004150390625
1772882859182975200,1.767975341796875,-0.9977874755859375,-0.0258026123046875,-0.0031280517578125
1772882859192908300,1.777908203125,-0.99737548828125,-0.0272674560546875,-0.00360107421875
1772882859202840000,1.787840087890625,-0.99658203125,-0.0244140625,-0.0027618408203125
1772882859212773000,1.797773193359375,-0.9987640380859375,-0.025299072265625,-0.003692626953125
1772882859222706400,1.80770654296875,-0.9987640380859375,-0.027313232421875,-0.0037994384765625
1772882859232638200,1.81763818359375,-0.99761962890625,-0.025177001953125,-0.0035858154296875
1772882859242571000,1.827571044921875,-0.99847412109375,-0.025604248046875,-0.00347900390625
1772882859252504000,1.837504150390625,-0.9962005615234375,-0.0265350341796875,-0.0040435791015625
1772882859262436000,1.84743603515625,-0.996337890625,-0.026214599609375,-0.0028839111328125
1772882859272369200,1.857369140625,-0.9974212646484375,-0.025665283203125,-0.0044403076171875
1772882859282302200,1.86730224609375,-0.9966583251953125,-0.02545166015625,-0.004608154296875
1772882859292234200,1.877234130859375,-0.9969482421875,-0.0258026123046875,-0.001861572265625
1772882859302167300,1.887167236328125,-0.9978790283203125,-0.02667236328125,-0.0030975341796875
1772882859312100000,1.89710009765625,-0.99517822265625,-0.0262908935546875,-0.0037078857421875
1772882859322032000,1.9070322265625,-0.9971160888671875,-0.0251007080078125,-0.0034027099609375
1772882859331965200,1.916965087890625,-0.9985198974609375,-0.0255279541015625,-0.0023956298828125
1772882859341898200,1.926898193359375,-0.9962921142578125,-0.026214599609375,-0.00360107421875
1772882859351830300,1.936830322265625,-0.9964141845703125,-0.02581787109375,-0.00494384765625
1772882859361763300,1.946763427734375,-0.9975433349609375,-0.0259246826171875,-0.0040130615234375
1772882859371696000,1.956696044921875,-0.9950103759765625,-0.0249481201171875,-0.0037841796875
1772882859381628200,1.966628173828125,-0.9980010986328125,-0.025604248046875,-0.003448486328125
1772882859391561200,1.976561279296875,-0.9974212646484375,-0.0246734619140625,-0.0050506591796875
1772882859401494300,1.986494384765625,-0.996124267578125,-0.0247802734375,-0.0045928955078125
1772882859411426300,1.99642626953125,-0.9963226318359375,-0.024993896484375,-0.0037384033203125
1772882859421359400,2.006359375,-0.9972076416015625,-0.0255126953125,-0.0025787353515625
1772882859431292400,2.01629248046875,-0.9972686767578125,-0.0252838134765625,-0.0027313232421875
1772882859441224200,2.02622412109375,-0.9967498779296875,-0.0254364013671875,-0.0017547607421875
1772882859451157000,2.036156982421875,-0.998321533203125,-0.0262451171875,-0.0034332275390625
1772882859461090000,2.046090087890625,-0.996307373046875,-0.0269317626953125,-0.00421142578125
1772882859471022000,2.05602197265625,-0.9974822998046875,-0.0258331298828125,-0.0019683837890625
1772882859480955100,2.065955078125,-0.997039794921875,-0.0257110595703125,-0.00433349609375
1772882859490888200,2.07588818359375,-0.9968719482421875,-0.0271148681640625,-0.0032958984375
1772882859500820200,2.0858203125,-0.9964599609375,-0.0258636474609375,-0.0050048828125
1772882859510753300,2.095753173828125,-0.9975738525390625,-0.025299072265625,-0.0046539306640625
1772882859520686000,2.10568603515625,-0.9973297119140625,-0.0254364013671875,-0.0046234130859375
1772882859530618000,2.1156181640625,-0.996307373046875,-0.02520751953125,-0.0042877197265625
1772882859540551200,2.12555126953125,-0.9960174560546875,-0.0247802734375,-0.003753662109375
1772882859550484200,2.135484130859375,-0.997802734375,-0.02569580078125,-0.003387451171875
1772882859560416300,2.145416259765625,-0.99871826171875,-0.026275634765625,-0.0027923583984375
1772882859570349300,2.155349365234375,-0.99737548828125,-0.02569580078125,-0.0042877197265625
1772882859580282000,2.1652822265625,-0.997467041015625,-0.0267181396484375,-0.0037384033203125
1772882859590214100,2.175214111328125,-0.9975128173828125,-0.0267486572265625,-0.0030059814453125
1772882859600147200,2.185147216796875,-0.996612548828125,-0.025482177734375,-0.0020751953125
1772882859610080300,2.195080322265625,-0.997406005859375,-0.0273284912109375,-0.0035400390625
1772882859620012300,2.20501220703125,-0.9982757568359375,-0.0250701904296875,-0.0056915283203125
1772882859629945300,2.2149453125,-0.9968414306640625,-0.0253448486328125,-0.0046844482421875
1772882859639878400,2.22487841796875,-0.9971923828125,-0.025390625,-0.001556396484375
1772882859649810400,2.234810546875,-0.9978790283203125,-0.02593994140625,-0.0020294189453125
1772882859659743200,2.2447431640625,-0.997772216796875,-0.026947021484375,-0.003082275390625
1772882859669676300,2.25467626953125,-0.996246337890625,-0.0269927978515625,-0.003936767578125
1772882859679608000,2.264608154296875,-0.9955902099609375,-0.0253448486328125,-0.0038299560546875
1772882859689541000,2.274541015625,-0.9976348876953125,-0.0247344970703125,-0.0028076171875
1772882859699474200,2.28447412109375,-0.9975128173828125,-0.02691650390625,-0.00439453125
1772882859709406200,2.29440625,-0.9969635009765625,-0.024566650390625,-0.004974365234375
1772882859719339000,2.304339111328125,-0.997528076171875,-0.0256500244140625,-0.00592041015625
1772882859729272000,2.31427197265625,-0.99737548828125,-0.025665283203125,-0.003082275390625
1772882859739204000,2.3242041015625,-0.99591064453125,-0.0256500244140625,-0.0023956298828125
1772882859749137200,2.33413720703125,-0.9969329833984375,-0.0258026123046875,-0.003326416015625
1772882859759070200,2.3440703125,-0.995635986328125,-0.025421142578125,-0.0043487548828125
1772882859769002200,2.354002197265625,-0.99627685546875,-0.026641845703125,-0.0036773681640625
1772882859778935300,2.363935302734375,-0.996337890625,-0.0262451171875,-0.002044677734375
1772882859788868000,2.3738681640625,-0.9986419677734375,-0.0263519287109375,-0.002197265625
1772882859798800100,2.383800048828125,-0.9973297119140625,-0.0247802734375,-0.0045928955078125
1772882859808733200,2.393733154296875,-0.997100830078125,-0.025604248046875,-0.004119873046875
1772882859818666200,2.403666259765625,-0.9972991943359375,-0.0257568359375,-0.0018310546875
1772882859828598300,2.413598388671875,-0.99774169921875,-0.0271453857421875,-0.0029296875
1772882859838531300,2.42353125,-0.9970245361328125,-0.027130126953125,-0.0046539306640625
1772882859848464100,2.433464111328125,-0.9982452392578125,-0.025970458984375,-0.0035858154296875
1772882859858396400,2.443396484375,-0.9991607666015625,-0.025482177734375,-0.003204345703125
1772882859868329200,2.4533291015625,-0.9976806640625,-0.0269775390625,-0.0059814453125
1772882859878262300,2.46326220703125,-0.996429443359375,-0.0267333984375,-0.0040130615234375
1772882859888194000,2.473194091796875,-0.99737548828125,-0.0261077880859375,-0.00360107421875
1772882859898127400,2.48312744140625,-0.9976654052734375,-0.0243377685546875,-0.003082275390625
1772882859908060400,2.493060302734375,-0.99566650390625,-0.0242919921875,-0.0030975341796875
1772882859917992200,2.5029921875,-0.997283935546875,-0.02423095703125,-0.0027923583984375
1772882859927925000,2.512925048828125,-0.9964752197265625,-0.0245361328125,-0.0019073486328125
1772882859937858000,2.522858154296875,-0.99859619140625,-0.02508544921875,-0.0032196044921875
1772882859947790000,2.5327900390625,-0.9974212646484375,-0.0251617431640625,-0.0030059814453125
1772882859957723100,2.54272314453125,-0.9972381591796875,-0.0247039794921875,-0.00421142578125
1772882859967656200,2.55265625,-0.997894287109375,-0.024383544921875,-0.00482177734375
1772882859977588200,2.562588134765625,-0.9969482421875,-0.0269012451171875,-0.004730224609375
1772882859987521300,2.572521240234375,-0.9964141845703125,-0.025054931640625,-0.0027313232421875
1772882859997454000,2.5824541015625,-0.995758056640625,-0.0252227783203125,-0.0035552978515625
1772882860007386000,2.59238623046875,-0.9980621337890625,-0.02508544921875,-0.0035400390625
1772882860017319200,2.602319091796875,-0.998870849609375,-0.025482177734375,-0.00244140625
1772882860027252200,2.612252197265625,-0.9980621337890625,-0.024871826171875,-0.003875732421875
1772882860037184300,2.622184326171875,-0.9964599609375,-0.026214599609375,-0.003448486328125
1772882860047117300,2.632117431640625,-0.997406005859375,-0.0261993408203125,-0.002166748046875
1772882860057050000,2.642050048828125,-0.996673583984375,-0.0259246826171875,-0.0038604736328125
1772882860066982100,2.651982177734375,-0.996795654296875,-0.026031494140625,-0.0046539306640625
1772882860076915200,2.661915283203125,-0.99822998046875,-0.0267333984375,-0.0048675537109375
1772882860086848500,2.6718486328125,-0.9970855712890625,-0.026092529296875,-0.003021240234375
1772882860096780500,2.681780517578125,-0.99664306640625,-0.0261077880859375,-0.00421142578125
1772882860106713600,2.691713623046875,-0.99609375,-0.0262298583984375,-0.004119873046875
1772882860116646700,2.701646728515625,-0.9974212646484375,-0.0265350341796875,-0.0032501220703125
1772882860126578700,2.71157861328125,-0.997955322265625,-0.0257720947265625,-0.0034637451171875
1772882860136511500,2.721511474609375,-0.9962158203125,-0.024932861328125,-0.0023956298828125
1772882860146444500,2.731444580078125,-0.9967498779296875,-0.0239105224609375,-0.0021820068359375
1772882860156376600,2.74137646484375,-0.99603271484375,-0.0242156982421875,-0.0035247802734375
1772882860166309600,2.7513095703125,-0.9962005615234375,-0.0258331298828125,-0.00250244140625
1772882860176242700,2.76124267578125,-0.99786376953125,-0.025482177734375,-0.005035400390625
1772882860186174500,2.771174560546875,-0.996307373046875,-0.0266571044921875,-0.00494384765625
1772882860196107300,2.781107177734375,-0.995941162109375,-0.0263214111328125,-0.00469970703125
1772882860206040300,2.791040283203125,-0.99652099609375,-0.026702880859375,-0.0027618408203125
1772882860215972400,2.800972412109375,-0.9974365234375,-0.025543212890625,-0.0030517578125
1772882860225905400,2.810905517578125,-0.99761962890625,-0.0260009765625,-0.002655029296875
1772882860235838500,2.82083837890625,-0.997406005859375,-0.0271453857421875,-0.0026397705078125
1772882860245770500,2.8307705078125,-0.9958953857421875,-0.0277252197265625,-0.0041961669921875
1772882860255703600,2.84070361328125,-0.9972686767578125,-0.0264739990234375,-0.00390625
1772882860265636400,2.85063623046875,-0.9970703125,-0.0260009765625,-0.00311279296875
1772882860275568400,2.860568359375,-0.998260498046875,-0.0269622802734375,-0.0030517578125
1772882860285501400,2.87050146484375,-0.997344970703125,-0.0257720947265625,-0.0041046142578125
1772882860295434500,2.8804345703125,-0.9967193603515625,-0.026611328125,-0.00396728515625
1772882860305366500,2.890366455078125,-0.99725341796875,-0.0272064208984375,-0.0038604736328125
1772882860315299600,2.900299560546875,-0.9956817626953125,-0.0261688232421875,-0.0024871826171875
1772882860325232400,2.910232421875,-0.9972381591796875,-0.024261474609375,-0.0032958984375
1772882860335164700,2.92016455078125,-0.998016357421875,-0.025360107421875,-0.0032196044921875
1772882860345097500,2.930097412109375,-0.9962158203125,-0.0255584716796875,-0.003753662109375
1772882860355030500,2.940030517578125,-0.9976348876953125,-0.0244903564453125,-0.00244140625
1772882860364962600,2.949962646484375,-0.9979095458984375,-0.0265350341796875,-0.0044708251953125
1772882860374895600,2.9598955078125,-0.99755859375,-0.025634765625,-0.0044708251953125
1772882860384828700,2.96982861328125,-0.9961090087890625,-0.0256805419921875,-0.0040283203125
1772882860394760700,2.9797607421875,-0.9964752197265625,-0.02606201171875,-0.003936767578125
1772882860404693500,2.989693603515625,-0.9956817626953125,-0.026397705078125,-0.0020751953125
1772882860414626600,2.99962646484375,-0.996612548828125,-0.025970458984375,-0.0034637451171875
1772882860424558300,3.009558349609375,-0.99774169921875,-0.0267486572265625,-0.00244140625
1772882860434491400,3.019491455078125,-0.99658203125,-0.0261077880859375,-0.00396728515625
1772882860444424400,3.029424560546875,-0.996673583984375,-0.0267486572265625,-0.004486083984375
1772882860454356500,3.0393564453125,-0.9980010986328125,-0.024566650390625,-0.004486083984375
1772882860464289500,3.04928955078125,-0.9977874755859375,-0.0246429443359375,-0.003662109375
1772882860474222300,3.059222412109375,-0.9973907470703125,-0.025238037109375,-0.0033721923828125
1772882860484154400,3.069154296875,-0.9990997314453125,-0.026763916015625,-0.003692626953125
1772882860494087400,3.07908740234375,-0.9969482421875,-0.0252532958984375,-0.003204345703125
1772882860504020500,3.0890205078125,-0.9964141845703125,-0.0254364013671875,-0.00238037109375
1772882860513952500,3.098952392578125,-0.99688720703125,-0.0251922607421875,-0.002044677734375
1772882860523885600,3.108885498046875,-0.996978759765625,-0.025970458984375,-0.002471923828125
1772882860533818400,3.118818359375,-0.9990234375,-0.02545166015625,-0.00372314453125
1772882860543750400,3.12875048828125,-0.996856689453125,-0.025482177734375,-0.0040130615234375
1772882860553683500,3.138683349609375,-0.996063232421875,-0.02642822265625,-0.003509521484375
1772882860563616500,3.148616455078125,-0.99664306640625,-0.0262603759765625,-0.00390625
1772882860573548500,3.158548583984375,-0.99859619140625,-0.024444580078125,-0.0027618408203125
1772882860583481600,3.168481689453125,-0.9991912841796875,-0.0251922607421875,-0.00201416015625
1772882860593414700,3.17841455078125,-0.9972686767578125,-0.0276947021484375,-0.0023651123046875
1772882860603346700,3.1883466796875,-0.9979095458984375,-0.0256805419921875,-0.0023651123046875
1772882860613279500,3.198279541015625,-0.9977569580078125,-0.0255126953125,-0.0028076171875
1772882860623212500,3.208212646484375,-0.9967193603515625,-0.024810791015625,-0.0034942626953125
1772882860633144300,3.218144287109375,-0.9955902099609375,-0.0248870849609375,-0.00372314453125
1772882860643077400,3.228077392578125,-0.9961395263671875,-0.025360107421875,-0.00384521484375
1772882860653010700,3.2380107421875,-0.998565673828125,-0.0266876220703125,-0.005126953125
1772882860662942500,3.2479423828125,-0.9973907470703125,-0.0265960693359375,-0.0030059814453125
1772882860672875500,3.25787548828125,-0.99755859375,-0.0247344970703125,-0.003662109375
1772882860682808300,3.267808349609375,-0.9966278076171875,-0.0251922607421875,-0.0041351318359375
1772882860692740400,3.277740234375,-0.9960174560546875,-0.0268707275390625,-0.0025787353515625
1772882860702673400,3.28767333984375,-0.996917724609375,-0.026031494140625,-0.00262451171875
1772882860712606500,3.2976064453125,-0.9949951171875,-0.0240478515625,-0.001953125
1772882860722538500,3.30753857421875,-0.99652099609375,-0.02532958984375,-0.0034637451171875
1772882860732471600,3.317471435546875,-0.997833251953125,-0.0241241455078125,-0.004302978515625
1772882860742404400,3.327404296875,-0.9979705810546875,-0.02642822265625,-0.00384521484375
1772882860752336400,3.33733642578125,-0.99603271484375,-0.0250701904296875,-0.004058837890625
1772882860762269400,3.34726953125,-0.9972076416015625,-0.025787353515625,-0.00250244140625
1772882860772202500,3.357202392578125,-0.9969482421875,-0.0268096923828125,-0.0028839111328125
1772882860782134500,3.367134521484375,-0.9952392578125,-0.0262603759765625,-0.0032806396484375
1772882860792067600,3.377067626953125,-0.996978759765625,-0.0260467529296875,-0.0015716552734375
1772882860802000600,3.387000732421875,-0.9979095458984375,-0.0246429443359375,-0.0044097900390625
1772882860811932700,3.3969326171875,-0.9969329833984375,-0.0248870849609375,-0.005096435546875
1772882860821865500,3.406865478515625,-0.9961395263671875,-0.0262298583984375,-0.002716064453125
1772882860831798500,3.416798583984375,-0.99755859375,-0.0249786376953125,-0.002349853515625
1772882860841730600,3.42673046875,-0.9952545166015625,-0.0260772705078125,-0.00286865234375
1772882860851663600,3.43666357421875,-0.996429443359375,-0.0284271240234375,-0.0015411376953125
1772882860861596700,3.4465966796875,-0.9967041015625,-0.0267333984375,-0.0018310546875
1772882860871528400,3.456528564453125,-0.9981536865234375,-0.0260772705078125,-0.002288818359375
1772882860881461500,3.46646142578125,-0.9979400634765625,-0.0263214111328125,-0.0045318603515625
1772882860891394300,3.476394287109375,-0.99755859375,-0.0243377685546875,-0.004547119140625
1772882860901326300,3.486326416015625,-0.9982757568359375,-0.02532958984375,-0.0039215087890625
1772882860911259400,3.49625927734375,-0.9976043701171875,-0.0263824462890625,-0.0045166015625
1772882860921192400,3.5061923828125,-0.997955322265625,-0.0259552001953125,-0.00384521484375
1772882860931124500,3.51612451171875,-0.996826171875,-0.025604248046875,-0.0039825439453125
1772882860941057500,3.5260576171875,-0.996063232421875,-0.023773193359375,-0.0026092529296875
1772882860950990300,3.535990234375,-0.996917724609375,-0.024566650390625,-0.0022735595703125
1772882860960922400,3.54592236328125,-0.996826171875,-0.025970458984375,-0.002838134765625
1772882860970855400,3.55585546875,-0.9974212646484375,-0.0262298583984375,-0.003082275390625
1772882860980788500,3.56578857421875,-0.997711181640625,-0.025909423828125,-0.0027008056640625
1772882860990720500,3.575720458984375,-0.99658203125,-0.0244293212890625,-0.00482177734375
1772882861000653600,3.585653564453125,-0.997344970703125,-0.025482177734375,-0.003662109375
1772882861010586600,3.595586669921875,-0.99755859375,-0.0271759033203125,-0.0032958984375
1772882861020518700,3.6055185546875,-0.9975738525390625,-0.0264434814453125,-0.0034027099609375
1772882861030451500,3.615451416015625,-0.996490478515625,-0.0260772705078125,-0.0028839111328125
1772882861040384500,3.625384521484375,-0.996917724609375,-0.0257110595703125,-0.0032958984375
1772882861050316500,3.635316650390625,-0.9957122802734375,-0.0255279541015625,-0.0027313232421875
1772882861060249600,3.64524951171875,-0.9970245361328125,-0.0261077880859375,-0.0026397705078125
1772882861070182700,3.6551826171875,-0.9968719482421875,-0.026580810546875,-0.0048828125
1772882861080114700,3.66511474609375,-0.997894287109375,-0.025299072265625,-0.0049896240234375
1772882861090046700,3.675046630859375,-0.9959564208984375,-0.026580810546875,-0.005706787109375
1772882861099978800,3.684978759765625,-0.9973907470703125,-0.0274810791015625,-0.0036773681640625
1772882861109911800,3.694911865234375,-0.9961700439453125,-0.027099609375,-0.003509521484375
1772882861119844600,3.7048447265625,-0.9963836669921875,-0.0252532958984375,-0.003448486328125
1772882861129777700,3.714777587890625,-0.997589111328125,-0.02520751953125,-0.0022125244140625
1772882861139709700,3.724709716796875,-0.998291015625,-0.0269317626953125,-0.002777099609375
1772882861149642800,3.734642822265625,-0.9946136474609375,-0.0251312255859375,-0.0025177001953125
1772882861159574800,3.74457470703125,-0.998809814453125,-0.0250701904296875,-0.0034027099609375
1772882861169507800,3.7545078125,-0.9976348876953125,-0.026153564453125,-0.0046844482421875
1772882861179440600,3.764440673828125,-0.994720458984375,-0.02545166015625,-0.004608154296875
1772882861189372700,3.77437255859375,-0.9971771240234375,-0.0268402099609375,-0.00372314453125
1772882861199305700,3.7843056640625,-0.993896484375,-0.0261077880859375,-0.0046539306640625
1772882861209238800,3.79423876953125,-0.99505615234375,-0.024566650390625,-0.0036468505859375
1772882861219170800,3.8041708984375,-0.9971466064453125,-0.0268402099609375,-0.0030975341796875
1772882861229103900,3.814103759765625,-0.996734619140625,-0.02685546875,-0.0024566650390625
1772882861239036700,3.82403662109375,-0.996826171875,-0.0248870849609375,-0.002593994140625
1772882861248968700,3.83396875,-0.99835205078125,-0.0260162353515625,-0.0046539306640625
1772882861258901500,3.843901611328125,-0.99658203125,-0.023773193359375,-0.0027923583984375
1772882861268834600,3.85383447265625,-0.9971466064453125,-0.0265045166015625,-0.003143310546875
1772882861278766600,3.8637666015625,-0.9972686767578125,-0.0257720947265625,-0.0054779052734375
1772882861288699600,3.87369970703125,-0.99603271484375,-0.0264739990234375,-0.0035552978515625
1772882861298632700,3.8836328125,-0.995758056640625,-0.0262451171875,-0.00213623046875
1772882861308564700,3.893564697265625,-0.996978759765625,-0.0260009765625,-0.0016632080078125
1772882861318497500,3.90349755859375,-0.99639892578125,-0.0260162353515625,-0.0035247802734375
1772882861328430600,3.9134306640625,-0.9971160888671875,-0.0264434814453125,-0.002471923828125
1772882861338362600,3.923362548828125,-0.9965362548828125,-0.0260009765625,-0.0031890869140625
1772882861348295700,3.933295654296875,-0.9967803955078125,-0.0254974365234375,-0.004608154296875
1772882861358228700,3.943228759765625,-0.9971771240234375,-0.02630615234375,-0.004119873046875
1772882861368160800,3.953160888671875,-0.9968109130859375,-0.025604248046875,-0.002471923828125
1772882861378093800,3.96309375,-0.9972381591796875,-0.027191162109375,-0.001190185546875
1772882861388026600,3.973026611328125,-0.9963836669921875,-0.02435302734375,-0.0016021728515625
1772882861397958000,3.9829580078125,-0.99609375,-0.0257720947265625,-0.00299072265625
1772882861407889700,3.9928896484375,-0.997039794921875,-0.0262908935546875,-0.00189208984375
1772882861417822700,4.00282275390625,-0.9969482421875,-0.0250244140625,-0.003021240234375
1772882861427755500,4.012755615234375,-0.997833251953125,-0.0253143310546875,-0.002288818359375
1772882861437687600,4.0226875,-0.9972991943359375,-0.025970458984375,-0.003387451171875
1772882861447620600,4.03262060546875,-0.99676513671875,-0.02655029296875,-0.004486083984375
1772882861457553700,4.0425537109375,-0.9963531494140625,-0.026824951171875,-0.005401611328125
1772882861467485700,4.052485595703125,-0.9973297119140625,-0.02606201171875,-0.0033111572265625
1772882861477418800,4.062418701171875,-0.9957122802734375,-0.0269622802734375,-0.0029296875
1772882861487351600,4.0723515625,-0.996734619140625,-0.0255126953125,-0.00347900390625
1772882861497283600,4.08228369140625,-0.9973602294921875,-0.02435302734375,-0.002716064453125
1772882861507216600,4.092216552734375,-0.99554443359375,-0.0250091552734375,-0.003265380859375
1772882861517149700,4.102149658203125,-0.9983062744140625,-0.0265350341796875,-0.0049285888671875
1772882861527081700,4.112081787109375,-0.998382568359375,-0.0255584716796875,-0.0039520263671875
1772882861537014800,4.122014892578125,-0.9961395263671875,-0.0250091552734375,-0.0042877197265625
1772882861546947800,4.13194775390625,-0.99609375,-0.02642822265625,-0.003082275390625
1772882861556880000,4.1418798828125,-0.9966583251953125,-0.026214599609375,-0.0038604736328125
1772882861566812700,4.151812744140625,-0.9959564208984375,-0.0253448486328125,-0.00213623046875
1772882861576745700,4.161745849609375,-0.9973907470703125,-0.026702880859375,-0.002593994140625
1772882861586677800,4.171677734375,-0.9987030029296875,-0.0265045166015625,-0.003875732421875
1772882861596610800,4.18161083984375,-0.9979705810546875,-0.02569580078125,-0.00299072265625
1772882861606544000,4.1915439453125,-0.998687744140625,-0.0236663818359375,-0.00299072265625
1772882861616475600,4.2014755859375,-0.996612548828125,-0.0257110595703125,-0.003814697265625
1772882861626408700,4.21140869140625,-0.9965057373046875,-0.0256195068359375,-0.00347900390625
1772882861636341800,4.221341796875,-0.9971160888671875,-0.0262451171875,-0.00421142578125
1772882861646273500,4.2312734375,-0.99664306640625,-0.02728271484375,-0.003631591796875
1772882861656206600,4.24120654296875,-0.9961700439453125,-0.024658203125,-0.004302978515625
1772882861666139600,4.2511396484375,-0.9964599609375,-0.02435302734375,-0.0037994384765625
1772882861676071700,4.26107177734375,-0.9972991943359375,-0.0244598388671875,-0.0018157958984375
1772882861686004700,4.271004638671875,-0.9976043701171875,-0.0258026123046875,-0.00408935546875
1772882861695937500,4.2809375,-0.9956207275390625,-0.0253448486328125,-0.00390625
1772882861705869600,4.29086962890625,-0.99676513671875,-0.025787353515625,-0.00189208984375
1772882861715802600,4.300802734375,-0.9974822998046875,-0.025299072265625,-0.0021514892578125
1772882861725735700,4.310735595703125,-0.99664306640625,-0.02508544921875,-0.00177001953125
1772882861735667700,4.320667724609375,-0.9972381591796875,-0.0250701904296875,-0.0038909912109375
1772882861745600800,4.330600830078125,-0.996246337890625,-0.0259246826171875,-0.0017852783203125
1772882861755533600,4.340533447265625,-0.9986724853515625,-0.025604248046875,-0.0018463134765625
1772882861765465900,4.3504658203125,-0.998870849609375,-0.0252838134765625,-0.002685546875
1772882861775398700,4.360398681640625,-0.998077392578125,-0.0252227783203125,-0.001861572265625
1772882861785331700,4.370331787109375,-0.9977264404296875,-0.0253143310546875,-0.0037078857421875
1772882861795263700,4.380263671875,-0.9984283447265625,-0.0247955322265625,-0.0030975341796875
1772882861805196800,4.39019677734375,-0.9964752197265625,-0.026214599609375,-0.0027923583984375
1772882861815129900,4.4001298828125,-0.99749755859375,-0.0250396728515625,-0.00347900390625
1772882861825062000,4.410061767578125,-0.9969635009765625,-0.0251312255859375,-0.003021240234375
1772882861834994700,4.41999462890625,-0.9961090087890625,-0.0261077880859375,-0.0028076171875
1772882861844927700,4.429927734375,-0.9982757568359375,-0.026397705078125,-0.002532958984375
1772882861854859500,4.439859619140625,-0.9964599609375,-0.0257568359375,-0.0028533935546875
1772882861864792600,4.44979248046875,-0.9976043701171875,-0.0256500244140625,-0.0039520263671875
1772882861874726000,4.459725830078125,-0.9965972900390625,-0.0265045166015625,-0.0043792724609375
1772882861884657700,4.46965771484375,-0.99676513671875,-0.0255279541015625,-0.003082275390625
1772882861894590700,4.4795908203125,-0.99749755859375,-0.026336669921875,-0.002593994140625
1772882861904522800,4.489522705078125,-0.9965362548828125,-0.025970458984375,-0.0038909912109375
1772882861914455600,4.49945556640625,-0.99468994140625,-0.0249481201171875,-0.0031585693359375
1772882861924388600,4.509388671875,-0.995849609375,-0.0251007080078125,-0.0042572021484375
1772882861934320600,4.519320556640625,-0.99700927734375,-0.0247039794921875,-0.0021209716796875
1772882861944253700,4.529253662109375,-0.9981231689453125,-0.0247802734375,-0.004119873046875
1772882861954186800,4.539186767578125,-0.9975128173828125,-0.0249176025390625,-0.005767822265625
1772882861964118800,4.549118896484375,-0.995697021484375,-0.0260467529296875,-0.0051422119140625
1772882861974051800,4.5590517578125,-0.99542236328125,-0.0258636474609375,-0.003021240234375
1772882861983984600,4.568984619140625,-0.9982147216796875,-0.025390625,-0.0024261474609375
1772882861993916700,4.578916748046875,-0.9964447021484375,-0.0268096923828125,-0.003082275390625
1772882862003849700,4.588849609375,-0.9967041015625,-0.0244293212890625,-0.0044708251953125
1772882862013782800,4.59878271484375,-0.997161865234375,-0.025115966796875,-0.004364013671875
1772882862023714800,4.60871484375,-0.9962310791015625,-0.02606201171875,-0.002899169921875
1772882862033647900,4.61864794921875,-0.996063232421875,-0.02716064453125,-0.0038604736328125
1772882862043580700,4.62858056640625,-0.99664306640625,-0.0267181396484375,-0.003875732421875
1772882862053512700,4.6385126953125,-0.997406005859375,-0.0255126953125,-0.0024566650390625
1772882862063445800,4.64844580078125,-0.997222900390625,-0.02508544921875,-0.00347900390625
1772882862073378800,4.65837890625,-0.9975738525390625,-0.0264739990234375,-0.002532958984375
1772882862083310600,4.668310546875,-0.99700927734375,-0.0269775390625,-0.0023193359375
1772882862093244200,4.678244140625,-0.9989166259765625,-0.0264739990234375,-0.0023193359375
1772882862103177000,4.688177001953125,-0.997589111328125,-0.0257415771484375,-0.0033721923828125
1772882862113109000,4.69810888671875,-0.9962005615234375,-0.0258331298828125,-0.003662109375
1772882862123042000,4.7080419921875,-0.9976043701171875,-0.025726318359375,-0.004302978515625
1772882862132975000,4.71797509765625,-0.997039794921875,-0.0257415771484375,-0.00323486328125
1772882862142907000,4.727906982421875,-0.997406005859375,-0.0239410400390625,-0.001953125
1772882862152840000,4.73783984375,-0.9975128173828125,-0.0263671875,-0.0041656494140625
1772882862162773000,4.74777294921875,-0.9955291748046875,-0.0256805419921875,-0.0042724609375
1772882862172705000,4.757705078125,-0.997039794921875,-0.0255126953125,-0.0061187744140625
1772882862182637800,4.767637939453125,-0.9976348876953125,-0.026947021484375,-0.00457763671875
1772882862192571000,4.77757080078125,-0.9958343505859375,-0.0267181396484375,-0.0032958984375
1772882862202503000,4.7875029296875,-0.995391845703125,-0.026763916015625,-0.0032958984375
1772882862212436000,4.79743603515625,-0.9970855712890625,-0.02569580078125,-0.0021209716796875
1772882862222369000,4.807369140625,-0.996856689453125,-0.02569580078125,-0.001861572265625
1772882862232301000,4.817301025390625,-0.996795654296875,-0.0252685546875,-0.0013427734375
1772882862242234000,4.827234130859375,-0.997344970703125,-0.02557373046875,-0.0038604736328125
1772882862252167000,4.8371669921875,-0.9970855712890625,-0.02496337890625,-0.0039825439453125
1772882862262099000,4.847098876953125,-0.9970550537109375,-0.0277099609375,-0.00311279296875
1772882862272032000,4.857031982421875,-0.9971466064453125,-0.0264892578125,-0.0032196044921875
1772882862281965000,4.866965087890625,-0.9964447021484375,-0.0247955322265625,-0.0033111572265625
1772882862291897000,4.87689697265625,-0.9974517822265625,-0.0254669189453125,-0.0027618408203125
1772882862301830100,4.886830078125,-0.997283935546875,-0.0254058837890625,-0.00299072265625
1772882862311763000,4.896762939453125,-0.996917724609375,-0.0260009765625,-0.0032958984375
1772882862321695000,4.906695068359375,-0.998199462890625,-0.027374267578125,-0.004241943359375
1772882862331628000,4.9166279296875,-0.998443603515625,-0.0265960693359375,-0.0036468505859375
1772882862341561000,4.92656103515625,-0.9965667724609375,-0.0275115966796875,-0.00408935546875
1772882862351492900,4.936492919921875,-0.9970703125,-0.025543212890625,-0.0033721923828125
1772882862361426000,4.946426025390625,-0.997039794921875,-0.026458740234375,-0.003143310546875
1772882862371359200,4.956359130859375,-0.9967041015625,-0.025360107421875,-0.0028228759765625
1772882862381291000,4.966291015625,-0.9975738525390625,-0.0255279541015625,-0.003875732421875
1772882862391223800,4.976223876953125,-0.996490478515625,-0.02459716796875,-0.0029449462890625
1772882862401156900,4.986156982421875,-0.9969024658203125,-0.024505615234375,-0.0037841796875
1772882862411089000,4.9960888671875,-0.9984588623046875,-0.0262298583984375,-0.002197265625
1772882862421022000,5.00602197265625,-0.9972686767578125,-0.0260009765625,-0.0027923583984375
1772882862430955000,5.015955078125,-0.9962310791015625,-0.0252532958984375,-0.0021514892578125
1772882862440887000,5.025886962890625,-0.9967803955078125,-0.0251007080078125,-0.00238037109375
1772882862450820000,5.035820068359375,-0.996734619140625,-0.026458740234375,-0.003143310546875
1772882862460753000,5.0457529296875,-0.9959564208984375,-0.026885986328125,-0.00299072265625
1772882862470685000,5.055684814453125,-0.9992218017578125,-0.02435302734375,-0.0029449462890625
1772882862480618000,5.065617919921875,-0.9974365234375,-0.02557373046875,-0.0034637451171875
1772882862490551000,5.075551025390625,-0.998199462890625,-0.0260009765625,-0.0030670166015625
1772882862500483000,5.085483154296875,-0.9967803955078125,-0.0264892578125,-0.0035552978515625
1772882862510416100,5.095416015625,-0.9950714111328125,-0.025390625,-0.001922607421875
1772882862520349000,5.105348876953125,-0.9965057373046875,-0.026397705078125,-0.0022125244140625
1772882862530281000,5.115281005859375,-0.99774169921875,-0.02557373046875,-0.0019683837890625
1772882862540214000,5.125214111328125,-0.996673583984375,-0.0248565673828125,-0.0029144287109375
1772882862550147000,5.13514697265625,-0.99774169921875,-0.0260772705078125,-0.003692626953125
1772882862560079000,5.1450791015625,-0.998077392578125,-0.025360107421875,-0.003875732421875
1772882862570012200,5.15501220703125,-0.996551513671875,-0.026031494140625,-0.0025634765625
1772882862579945000,5.164945068359375,-0.997955322265625,-0.0278778076171875,-0.0030670166015625
1772882862589877000,5.174876953125,-0.9969635009765625,-0.0262908935546875,-0.0022125244140625
1772882862599809800,5.184809814453125,-0.99761962890625,-0.0251007080078125,-0.0032501220703125
1772882862609742800,5.194742919921875,-0.997802734375,-0.02490234375,-0.0054168701171875
1772882862619675000,5.2046748046875,-0.9957122802734375,-0.0260772705078125,-0.004119873046875
1772882862629608000,5.21460791015625,-0.998260498046875,-0.0271148681640625,-0.0037994384765625
1772882862639541000,5.224541015625,-0.99652099609375,-0.025390625,-0.004180908203125
1772882862649473000,5.23447314453125,-0.996612548828125,-0.026580810546875,-0.0046234130859375
1772882862659405800,5.24440576171875,-0.996795654296875,-0.0270538330078125,-0.0026702880859375
1772882862669339000,5.2543388671875,-0.996246337890625,-0.02508544921875,-0.0026397705078125
1772882862679271000,5.26427099609375,-0.9976348876953125,-0.02630615234375,-0.0033111572265625
1772882862689204000,5.274203857421875,-0.997802734375,-0.0267181396484375,-0.0026397705078125
1772882862699136000,5.284135986328125,-0.9962158203125,-0.0243682861328125,-0.0039520263671875
1772882862709069000,5.294069091796875,-0.9979248046875,-0.025482177734375,-0.002593994140625
1772882862719002000,5.304002197265625,-0.9968719482421875,-0.0254974365234375,-0.0022735595703125
1772882862728934100,5.31393408203125,-0.9949951171875,-0.0258331298828125,-0.0037384033203125
1772882862738867000,5.323866943359375,-0.99798583984375,-0.0250091552734375,-0.0044403076171875
1772882862748800000,5.333800048828125,-0.9964447021484375,-0.0249481201171875,-0.00372314453125
1772882862758732000,5.34373193359375,-0.996917724609375,-0.0266571044921875,-0.0038604736328125
1772882862768665000,5.3536650390625,-0.9981689453125,-0.025360107421875,-0.0012969970703125
1772882862778598100,5.36359814453125,-0.9964599609375,-0.0251007080078125,-0.003997802734375
1772882862788530200,5.3735302734375,-0.99658203125,-0.0255889892578125,-0.0029754638671875
1772882862798463200,5.383463134765625,-0.996673583984375,-0.0249786376953125,-0.0025634765625
1772882862808396000,5.39339599609375,-0.997222900390625,-0.027191162109375,-0.0033721923828125
1772882862818327800,5.403327880859375,-0.99737548828125,-0.0260467529296875,-0.003692626953125
1772882862828260900,5.4132607421875,-0.9975128173828125,-0.0259857177734375,-0.003448486328125
1772882862838194000,5.42319384765625,-0.9961700439453125,-0.025421142578125,-0.0023956298828125
1772882862848126000,5.4331259765625,-0.9967041015625,-0.02593994140625,-0.0033416748046875
1772882862858059000,5.44305908203125,-0.9986572265625,-0.02520751953125,-0.0045318603515625
1772882862867991800,5.45299169921875,-0.9973907470703125,-0.025726318359375,-0.004669189453125
1772882862877923800,5.462923828125,-0.9962615966796875,-0.02587890625,-0.00445556640625
1772882862887857000,5.47285693359375,-0.9977874755859375,-0.0265960693359375,-0.0021209716796875
1772882862897790000,5.4827900390625,-0.9977874755859375,-0.0267791748046875,-0.0037078857421875
1772882862907722000,5.492721923828125,-0.996490478515625,-0.0269775390625,-0.0033111572265625
1772882862917655000,5.502655029296875,-0.9970245361328125,-0.0264129638671875,-0.00311279296875
1772882862927588000,5.512588134765625,-0.998077392578125,-0.02630615234375,-0.0030517578125
1772882862937520000,5.52252001953125,-0.9964599609375,-0.0259246826171875,-0.0028076171875
1772882862947453000,5.532452880859375,-0.99578857421875,-0.0257568359375,-0.0029144287109375
1772882862957386000,5.542385986328125,-0.998809814453125,-0.026397705078125,-0.0034027099609375
1772882862967318000,5.552318115234375,-0.99847412109375,-0.0257110595703125,-0.0038909912109375
1772882862977251000,5.5622509765625,-0.9966278076171875,-0.026275634765625,-0.003387451171875
1772882862987184000,5.57218408203125,-0.9984130859375,-0.026580810546875,-0.002716064453125
1772882862997116200,5.5821162109375,-0.9962005615234375,-0.02569580078125,-0.00311279296875
1772882863007049000,5.592049072265625,-0.99615478515625,-0.0250244140625,-0.004913330078125
1772882863016982000,5.60198193359375,-0.996734619140625,-0.0269927978515625,-0.0049896240234375
1772882863026913800,5.611913818359375,-0.9972686767578125,-0.02593994140625,-0.0054779052734375
1772882863036846800,5.621846923828125,-0.9974365234375,-0.0258636474609375,-0.0032806396484375
1772882863046780200,5.6317802734375,-0.99884033203125,-0.0256805419921875,-0.0029754638671875
1772882863056712000,5.6417119140625,-0.9981689453125,-0.0242919921875,-0.004547119140625
1772882863066645000,5.65164501953125,-0.9954376220703125,-0.0262451171875,-0.0027008056640625
1772882863076577800,5.661577880859375,-0.9969024658203125,-0.0247955322265625,-0.0009307861328125
1772882863086509800,5.671509765625,-0.9964447021484375,-0.0254669189453125,-0.0023651123046875
1772882863096443600,5.681443603515625,-0.997222900390625,-0.02630615234375,-0.002899169921875
1772882863106376700,5.691376708984375,-0.9975738525390625,-0.0264434814453125,-0.0039520263671875
1772882863116308700,5.701308837890625,-0.9962310791015625,-0.0252532958984375,-0.0037689208984375
1772882863126241800,5.71124169921875,-0.99896240234375,-0.02587890625,-0.0056304931640625
1772882863136174600,5.721174560546875,-0.996856689453125,-0.0263824462890625,-0.0050811767578125
1772882863146106600,5.731106689453125,-0.997039794921875,-0.025726318359375,-0.005218505859375
1772882863156039700,5.741039794921875,-0.996429443359375,-0.0259857177734375,-0.0029296875
1772882863165972700,5.75097265625,-0.995849609375,-0.025604248046875,-0.00311279296875
1772882863175904800,5.76090478515625,-0.9959259033203125,-0.026397705078125,-0.003326416015625
1772882863185837800,5.770837890625,-0.996978759765625,-0.0263214111328125,-0.002410888671875
1772882863195769900,5.780769775390625,-0.9972076416015625,-0.0261993408203125,-0.002685546875
1772882863205702700,5.79070263671875,-0.99737548828125,-0.0264739990234375,-0.0041351318359375
1772882863215635700,5.8006357421875,-0.99822998046875,-0.025115966796875,-0.0042877197265625
1772882863225567700,5.810567626953125,-0.9958038330078125,-0.0259246826171875,-0.0046539306640625
1772882863235500800,5.820500732421875,-0.9949951171875,-0.0262908935546875,-0.0050506591796875
1772882863245433900,5.830433837890625,-0.9974517822265625,-0.025634765625,-0.0045623779296875
1772882863255365600,5.84036572265625,-0.997589111328125,-0.024078369140625,-0.002716064453125
1772882863265298700,5.850298583984375,-0.9975433349609375,-0.024932861328125,-0.0038909912109375
1772882863275231500,5.8602314453125,-0.9969635009765625,-0.0245208740234375,-0.0020751953125
1772882863285163500,5.87016357421875,-0.99755859375,-0.0249176025390625,-0.0019989013671875
1772882863295096600,5.8800966796875,-0.9966888427734375,-0.0251312255859375,-0.002593994140625
1772882863305029600,5.890029541015625,-0.99615478515625,-0.0262451171875,-0.0035247802734375
1772882863314961700,5.899961669921875,-0.9969024658203125,-0.0260772705078125,-0.00274658203125
1772882863324894700,5.909894775390625,-0.9966583251953125,-0.026519775390625,-0.0043792724609375
1772882863334827800,5.919827880859375,-0.9980621337890625,-0.0274658203125,-0.0055389404296875
1772882863344759800,5.929759765625,-0.9968414306640625,-0.026458740234375,-0.005523681640625
1772882863354692600,5.939692626953125,-0.99652099609375,-0.02374267578125,-0.0030059814453125
1772882863364625700,5.949625732421875,-0.997344970703125,-0.024078369140625,-0.0009002685546875
1772882863374557700,5.9595576171875,-0.9976806640625,-0.025115966796875,-0.0034942626953125
1772882863384490800,5.96949072265625,-0.9979400634765625,-0.0264739990234375,-0.0015411376953125
1772882863394423800,5.979423828125,-0.997039794921875,-0.027252197265625,-0.002410888671875
1772882863404355800,5.98935595703125,-0.996826171875,-0.026702880859375,-0.002899169921875
1772882863414288600,5.99928857421875,-0.9976959228515625,-0.025726318359375,-0.0032196044921875
1772882863424221700,6.0092216796875,-0.996002197265625,-0.02557373046875,-0.0049896240234375
1772882863434153700,6.01915380859375,-0.9970855712890625,-0.0262908935546875,-0.0046844482421875
1772882863444086800,6.029086669921875,-0.9973602294921875,-0.02740478515625,-0.0047454833984375
1772882863454019800,6.039019775390625,-0.9960174560546875,-0.02642822265625,-0.0052032470703125
1772882863463951600,6.04895166015625,-0.99652099609375,-0.027191162109375,-0.0047454833984375
1772882863473884700,6.058884765625,-0.9969940185546875,-0.025665283203125,-0.003448486328125
1772882863483817700,6.068817626953125,-0.997283935546875,-0.026336669921875,-0.003173828125
1772882863493749500,6.07874951171875,-0.997314453125,-0.024993896484375,-0.0021820068359375
1772882863503682600,6.0886826171875,-0.9991455078125,-0.024658203125,-0.0014495849609375
1772882863513615600,6.09861572265625,-0.9974212646484375,-0.0252685546875,-0.0015716552734375
1772882863523547600,6.108547607421875,-0.9961700439453125,-0.0254669189453125,-0.0017547607421875
1772882863533480700,6.118480712890625,-0.997100830078125,-0.02703857421875,-0.002471923828125
1772882863543413800,6.128413818359375,-0.9974822998046875,-0.026824951171875,-0.00421142578125
1772882863553345800,6.138345703125,-0.997772216796875,-0.0273590087890625,-0.005706787109375
1772882863563278600,6.148278564453125,-0.9971923828125,-0.0261993408203125,-0.00335693359375
1772882863573211600,6.158211669921875,-0.997650146484375,-0.02752685546875,-0.0041351318359375
1772882863583143700,6.168143798828125,-0.997650146484375,-0.027099609375,-0.0018157958984375
1772882863593076700,6.17807666015625,-0.9973297119140625,-0.02569580078125,-0.0017242431640625
1772882863603009800,6.188009765625,-0.99700927734375,-0.0260162353515625,-0.004364013671875
1772882863612941800,6.19794189453125,-0.99688720703125,-0.02740478515625,-0.0026702880859375
1772882863622874600,6.20787451171875,-0.9972381591796875,-0.0273590087890625,-0.0016326904296875
1772882863632807700,6.2178076171875,-0.9975128173828125,-0.024749755859375,-0.004791259765625
1772882863642739700,6.22773974609375,-0.996307373046875,-0.02618408203125,-0.0040130615234375
1772882863652672800,6.2376728515625,-0.995574951171875,-0.0264892578125,-0.0038604736328125
1772882863662604800,6.247604736328125,-0.9970703125,-0.025665283203125,-0.0018310546875
1772882863672537900,6.257537841796875,-0.99578857421875,-0.02606201171875,-0.0026702880859375
1772882863682471000,6.267470947265625,-0.9968109130859375,-0.0264892578125,-0.002685546875
1772882863692402700,6.277402587890625,-0.998504638671875,-0.0248260498046875,-0.00439453125
1772882863702335500,6.28733544921875,-0.9974365234375,-0.0255279541015625,-0.0017852783203125
1772882863712268500,6.2972685546875,-0.996917724609375,-0.02587890625,-0.0034027099609375
1772882863722200600,6.30720068359375,-0.9987030029296875,-0.0266265869140625,-0.0035400390625
1772882863732133600,6.317133544921875,-0.9957275390625,-0.0266571044921875,-0.004119873046875
1772882863742066700,6.327066650390625,-0.9966583251953125,-0.0266876220703125,-0.0029296875
1772882863751998700,6.336998779296875,-0.997772216796875,-0.0259246826171875,-0.0025482177734375
1772882863761931800,6.346931884765625,-0.9965362548828125,-0.0250091552734375,-0.0030517578125
1772882863771864600,6.356864501953125,-0.997039794921875,-0.02545166015625,-0.006103515625
1772882863781796600,6.366796630859375,-0.9985809326171875,-0.0250396728515625,-0.0045623779296875
1772882863791729700,6.376729736328125,-0.9951324462890625,-0.025360107421875,-0.00299072265625
1772882863801662700,6.386662841796875,-0.997589111328125,-0.0244903564453125,-0.002593994140625
1772882863811594800,6.3965947265625,-0.998199462890625,-0.0257568359375,-0.0030517578125
1772882863821527800,6.40652783203125,-0.9958038330078125,-0.0267486572265625,-0.002166748046875
1772882863831460600,6.416460693359375,-0.9989166259765625,-0.025634765625,-0.0016937255859375
1772882863841392600,6.426392578125,-0.996612548828125,-0.0273895263671875,-0.003204345703125
1772882863851325700,6.43632568359375,-0.9969482421875,-0.027801513671875,-0.0048828125
1772882863861258800,6.4462587890625,-0.998626708984375,-0.027099609375,-0.0025787353515625
1772882863871190800,6.456190673828125,-0.9974365234375,-0.0256195068359375,-0.004150390625
1772882863881123800,6.466123779296875,-0.9954833984375,-0.0257110595703125,-0.0047607421875
1772882863891057000,6.476056884765625,-0.9980316162109375,-0.0245819091796875,-0.0030059814453125
1772882863900989000,6.485989013671875,-0.9969329833984375,-0.0256500244140625,-0.0024566650390625
1772882863910921700,6.495921630859375,-0.996551513671875,-0.025543212890625,-0.0029754638671875
1772882863920854800,6.505854736328125,-0.998077392578125,-0.0254058837890625,-0.0037994384765625
1772882863930786600,6.51578662109375,-0.9961700439453125,-0.0257415771484375,-0.0042572021484375
1772882863940719600,6.5257197265625,-0.9957275390625,-0.025177001953125,-0.0042877197265625
1772882863950652700,6.535652587890625,-0.9980316162109375,-0.0261383056640625,-0.0033111572265625
1772882863960584700,6.545584716796875,-0.995452880859375,-0.02581787109375,-0.00299072265625
1772882863970517800,6.555517822265625,-0.99761962890625,-0.0260772705078125,-0.0054168701171875
1772882863980450600,6.565450439453125,-0.9969635009765625,-0.025848388671875,-0.00372314453125
1772882863990382600,6.575382568359375,-0.994873046875,-0.0260772705078125,-0.0039825439453125
1772882864000315600,6.585315673828125,-0.9966278076171875,-0.02740478515625,-0.0034942626953125
1772882864010248700,6.595248779296875,-0.997467041015625,-0.0258636474609375,-0.0036163330078125
1772882864020180700,6.6051806640625,-0.9965972900390625,-0.0252227783203125,-0.0035400390625
1772882864030113800,6.61511376953125,-0.99560546875,-0.0243072509765625,-0.0023956298828125
1772882864040045800,6.6250458984375,-0.997161865234375,-0.0251007080078125,-0.003021240234375
1772882864049978600,6.634978515625,-0.996856689453125,-0.0247650146484375,-0.0016937255859375
1772882864059911700,6.64491162109375,-0.997833251953125,-0.0245513916015625,-0.0038299560546875
1772882864069843700,6.65484375,-0.9983673095703125,-0.02545166015625,-0.00384521484375
1772882864079776800,6.66477685546875,-0.9973907470703125,-0.0286865234375,-0.003814697265625
1772882864089709800,6.674709716796875,-0.9967498779296875,-0.02618408203125,-0.0039520263671875
1772882864099641600,6.6846416015625,-0.9969482421875,-0.0269012451171875,-0.002716064453125
1772882864109574700,6.69457470703125,-0.9970245361328125,-0.0269012451171875,-0.001800537109375
1772882864119507500,6.704507568359375,-0.99639892578125,-0.0255279541015625,-0.00238037109375
1772882864129439200,6.714439208984375,-0.99658203125,-0.0240478515625,-0.0043487548828125
1772882864139372300,6.724372314453125,-0.9962615966796875,-0.0251617431640625,-0.0028228759765625
1772882864149305300,6.734305419921875,-0.99786376953125,-0.02691650390625,-0.0029754638671875
1772882864159237400,6.7442373046875,-0.9966583251953125,-0.0268402099609375,-0.00225830078125
1772882864169170400,6.75417041015625,-0.9972381591796875,-0.0255126953125,-0.0023040771484375
1772882864179103500,6.764103515625,-0.9980926513671875,-0.02691650390625,-0.002716064453125
1772882864189035500,6.774035400390625,-0.9964599609375,-0.027008056640625,-0.0028076171875
1772882864198968300,6.78396826171875,-0.997467041015625,-0.0260772705078125,-0.0036163330078125
1772882864208901400,6.7939013671875,-0.99761962890625,-0.0262451171875,-0.0032196044921875
1772882864218833400,6.80383349609375,-0.99505615234375,-0.0257568359375,-0.0035400390625
1772882864228766500,6.813766357421875,-0.9955902099609375,-0.0262603759765625,-0.0034942626953125
1772882864238699500,6.823699462890625,-0.9971923828125,-0.02581787109375,-0.0027923583984375
1772882864248631600,6.833631591796875,-0.9963531494140625,-0.0250091552734375,-0.004302978515625
1772882864258564400,6.843564453125,-0.9972686767578125,-0.0254669189453125,-0.0034027099609375
1772882864268497400,6.853497314453125,-0.9962615966796875,-0.0257415771484375,-0.0032196044921875
1772882864278429400,6.863429443359375,-0.9956207275390625,-0.0264129638671875,-0.0033721923828125
1772882864288362500,6.873362548828125,-0.9958343505859375,-0.02508544921875,-0.0042572021484375
1772882864298295600,6.883295654296875,-0.9973907470703125,-0.02587890625,-0.003570556640625
1772882864308227600,6.8932275390625,-0.9974517822265625,-0.027252197265625,-0.0023040771484375
1772882864318160600,6.90316064453125,-0.9971923828125,-0.026214599609375,-0.0027618408203125
1772882864328093400,6.913093505859375,-0.998992919921875,-0.0269317626953125,-0.0032806396484375
1772882864338025500,6.923025390625,-0.9981536865234375,-0.0258941650390625,-0.0042877197265625
1772882864347958500,6.93295849609375,-0.997711181640625,-0.0240020751953125,-0.00372314453125
1772882864357890300,6.942890380859375,-0.99713134765625,-0.025665283203125,-0.0030670166015625
1772882864367823400,6.9528232421875,-0.99786376953125,-0.0260467529296875,-0.00225830078125
1772882864377756400,6.96275634765625,-0.9976806640625,-0.0256500244140625,-0.0035247802734375
1772882864387688400,6.9726884765625,-0.995635986328125,-0.0254364013671875,-0.00390625
1772882864397621500,6.98262158203125,-0.996246337890625,-0.0269927978515625,-0.004119873046875
1772882864407554300,6.99255419921875,-0.99627685546875,-0.02557373046875,-0.0041961669921875
1772882864417486300,7.002486328125,-0.997589111328125,-0.02587890625,-0.0033111572265625
1772882864427419400,7.01241943359375,-0.997039794921875,-0.025726318359375,-0.0023040771484375
1772882864437352400,7.0223525390625,-0.9983062744140625,-0.0240631103515625,-0.003875732421875
1772882864447284500,7.032284423828125,-0.9979248046875,-0.0242156982421875,-0.003753662109375
1772882864457217500,7.042217529296875,-0.9963226318359375,-0.0263214111328125,-0.0041656494140625
1772882864467150300,7.052150390625,-0.9974822998046875,-0.0254058837890625,-0.0026092529296875
1772882864477082400,7.062082275390625,-0.9972686767578125,-0.0248565673828125,-0.004180908203125
1772882864487015400,7.072015380859375,-0.9967803955078125,-0.02508544921875,-0.0036773681640625
1772882864496948500,7.081948486328125,-0.9951171875,-0.0261077880859375,-0.0040130615234375
1772882864506880500,7.091880615234375,-0.9971771240234375,-0.0254669189453125,-0.004150390625
1772882864516813600,7.1018134765625,-0.9978790283203125,-0.0260009765625,-0.002105712890625
1772882864526746600,7.11174658203125,-0.99810791015625,-0.0251617431640625,-0.0027618408203125
1772882864536678700,7.1216787109375,-0.9961395263671875,-0.0259552001953125,-0.0030059814453125
1772882864546611500,7.131611572265625,-0.9974517822265625,-0.0248870849609375,-0.0049591064453125
1772882864556544500,7.14154443359375,-0.99951171875,-0.0255584716796875,-0.003387451171875
1772882864566476300,7.151476318359375,-0.9968109130859375,-0.026947021484375,-0.0028533935546875
1772882864576409300,7.161409423828125,-0.9966278076171875,-0.0273590087890625,-0.0034637451171875
1772882864586342400,7.17134228515625,-0.998138427734375,-0.0259857177734375,-0.00262451171875
1772882864596274400,7.1812744140625,-0.996734619140625,-0.0266265869140625,-0.0024566650390625
1772882864606207500,7.19120751953125,-0.9965057373046875,-0.025421142578125,-0.0025177001953125
1772882864616140300,7.201140380859375,-0.9969024658203125,-0.0256195068359375,-0.0024871826171875
1772882864626072300,7.211072265625,-0.9959259033203125,-0.02593994140625,-0.003509521484375
1772882864636005400,7.22100537109375,-0.9969329833984375,-0.02593994140625,-0.003509521484375
1772882864645938400,7.2309384765625,-0.9962310791015625,-0.025848388671875,-0.002716064453125
1772882864655870500,7.240870361328125,-0.996551513671875,-0.0253753662109375,-0.0047607421875
1772882864665803500,7.250803466796875,-0.9964447021484375,-0.0263214111328125,-0.00372314453125
1772882864675736300,7.260736328125,-0.9976806640625,-0.025299072265625,-0.0031280517578125
1772882864685668400,7.27066845703125,-0.9984283447265625,-0.0254058837890625,-0.004547119140625
1772882864695601400,7.280601318359375,-0.99749755859375,-0.0279083251953125,-0.0046539306640625
1772882864705533400,7.290533447265625,-0.99755859375,-0.0272216796875,-0.0035400390625
1772882864715466500,7.300466552734375,-0.997833251953125,-0.0254669189453125,-0.0041961669921875
1772882864725399600,7.310399658203125,-0.9971466064453125,-0.02569580078125,-0.003082275390625
1772882864735331600,7.32033154296875,-0.99639892578125,-0.0249481201171875,-0.0023345947265625
1772882864745264600,7.3302646484375,-0.99749755859375,-0.02581787109375,-0.0047607421875
1772882864755197400,7.340197509765625,-0.9979705810546875,-0.0252227783203125,-0.0031585693359375
1772882864765129500,7.35012939453125,-0.996826171875,-0.0252227783203125,-0.0027313232421875
1772882864775062500,7.3600625,-0.9968414306640625,-0.025390625,-0.0042572021484375
1772882864784995600,7.36999560546875,-0.9976654052734375,-0.02655029296875,-0.00250244140625
1772882864794927400,7.37992724609375,-0.9988555908203125,-0.0256195068359375,-0.0030059814453125
1772882864804860400,7.3898603515625,-0.9974517822265625,-0.025482177734375,-0.0044708251953125
1772882864814793500,7.39979345703125,-0.9960784912109375,-0.0258331298828125,-0.00189208984375
1772882864824725500,7.4097255859375,-0.9981536865234375,-0.025146484375,-0.001556396484375
1772882864834658300,7.419658203125,-0.998443603515625,-0.0255584716796875,-0.0023651123046875
1772882864844591400,7.42959130859375,-0.9975738525390625,-0.0260009765625,-0.0033416748046875
1772882864854523400,7.4395234375,-0.9983978271484375,-0.0254364013671875,-0.002716064453125
1772882864864456400,7.44945654296875,-0.99688720703125,-0.0246124267578125,-0.0035858154296875
1772882864874389500,7.459389404296875,-0.99676513671875,-0.026519775390625,-0.0041656494140625
1772882864884321500,7.469321533203125,-0.9969329833984375,-0.0257110595703125,-0.00360107421875
1772882864894254300,7.47925439453125,-0.997802734375,-0.02557373046875,-0.0018463134765625
1772882864904187400,7.4891875,-0.9969024658203125,-0.0252685546875,-0.0017242431640625
1772882864914119400,7.499119384765625,-0.9959869384765625,-0.02581787109375,-0.0028839111328125
1772882864924052500,7.509052490234375,-0.9950103759765625,-0.025421142578125,-0.0023651123046875
1772882864933985500,7.518985595703125,-0.9954986572265625,-0.0262603759765625,-0.003509521484375
1772882864943917600,7.52891748046875,-0.9978179931640625,-0.0255279541015625,-0.0044097900390625
1772882864953850600,7.5388505859375,-0.99749755859375,-0.0260162353515625,-0.003662109375
1772882864963782700,7.54878271484375,-0.998077392578125,-0.027313232421875,-0.0020904541015625
1772882864973715500,7.558715576171875,-0.99627685546875,-0.0266265869140625,-0.003631591796875
1772882864983648500,7.5686484375,-0.99517822265625,-0.0270538330078125,-0.0030364990234375
1772882864993580300,7.578580322265625,-0.9975433349609375,-0.0263824462890625,-0.003326416015625
1772882865003513300,7.588513427734375,-0.99737548828125,-0.02655029296875,-0.002227783203125
1772882865013446700,7.59844677734375,-0.9966888427734375,-0.0246429443359375,-0.0024871826171875
1772882865023378400,7.60837841796875,-0.99749755859375,-0.025787353515625,-0.00238037109375
1772882865033311500,7.6183115234375,-0.9968719482421875,-0.0265655517578125,-0.0029144287109375
1772882865043244300,7.628244384765625,-0.998382568359375,-0.02587890625,-0.0025482177734375
1772882865053176300,7.63817626953125,-0.99652099609375,-0.0267333984375,-0.004180908203125
1772882865063109400,7.648109375,-0.9976043701171875,-0.025970458984375,-0.00396728515625
1772882865073042400,7.65804248046875,-0.9984893798828125,-0.026458740234375,-0.0041656494140625
1772882865082974500,7.667974365234375,-0.9969940185546875,-0.0276641845703125,-0.004180908203125
1772882865092906500,7.677906494140625,-0.99627685546875,-0.0276031494140625,-0.0028533935546875
1772882865102839600,7.687839599609375,-0.9984588623046875,-0.02520751953125,-0.002899169921875
1772882865112771600,7.697771484375,-0.99676513671875,-0.02593994140625,-0.0033111572265625
1772882865122704400,7.707704345703125,-0.99652099609375,-0.02777099609375,-0.0025177001953125
1772882865132637400,7.717637451171875,-0.9971160888671875,-0.026397705078125,-0.002197265625
1772882865142569500,7.727569580078125,-0.9969482421875,-0.0253448486328125,-0.0034942626953125
1772882865152502500,7.73750244140625,-0.997039794921875,-0.02532958984375,-0.003265380859375
1772882865162435600,7.747435546875,-0.997406005859375,-0.024810791015625,-0.0033416748046875
1772882865172367600,7.75736767578125,-0.9967193603515625,-0.0255584716796875,-0.0040740966796875
1772882865182300700,7.76730078125,-0.9968414306640625,-0.02642822265625,-0.0034027099609375
1772882865192232700,7.777232666015625,-0.998626708984375,-0.0252227783203125,-0.0018157958984375
1772882865202165500,7.78716552734375,-0.996368408203125,-0.0267486572265625,-0.003173828125
1772882865212098600,7.7970986328125,-0.996246337890625,-0.02593994140625,-0.003997802734375
1772882865222031600,7.807031494140625,-0.9968109130859375,-0.0267486572265625,-0.0034637451171875
1772882865231963600,7.816963623046875,-0.9969635009765625,-0.02679443359375,-0.003326416015625
1772882865241896700,7.826896728515625,-0.997344970703125,-0.0258331298828125,-0.002838134765625
1772882865251828700,7.836828857421875,-0.9964752197265625,-0.0265655517578125,-0.0036163330078125
1772882865261761800,7.84676171875,-0.9974517822265625,-0.02435302734375,-0.0044097900390625
1772882865271694600,7.856694580078125,-0.9979248046875,-0.026031494140625,-0.0042877197265625
1772882865281626400,7.86662646484375,-0.99658203125,-0.0263671875,-0.00335693359375
1772882865291559400,7.876559326171875,-0.9962005615234375,-0.0267791748046875,-0.0033111572265625
1772882865301492700,7.88649267578125,-0.997467041015625,-0.025146484375,-0.0037689208984375
1772882865311424500,7.896424560546875,-0.998931884765625,-0.0252685546875,-0.003082275390625
1772882865321357600,7.906357666015625,-0.9974365234375,-0.026275634765625,-0.0024261474609375
1772882865331290400,7.916290283203125,-0.9969635009765625,-0.0248565673828125,-0.0027923583984375
1772882865341222400,7.926222412109375,-0.9991912841796875,-0.025634765625,-0.0028839111328125
1772882865351155500,7.936155517578125,-0.9969329833984375,-0.026123046875,-0.0035247802734375
1772882865361088500,7.946088623046875,-0.994781494140625,-0.026092529296875,-0.004119873046875
1772882865371020500,7.9560205078125,-0.9993438720703125,-0.025848388671875,-0.0029296875
1772882865380953600,7.96595361328125,-0.9965972900390625,-0.0253753662109375,-0.0025634765625
1772882865390886700,7.97588671875,-0.9973907470703125,-0.026824951171875,-0.0033416748046875
1772882865400818700,7.985818603515625,-0.997955322265625,-0.0275726318359375,-0.0037078857421875
1772882865410751500,7.99575146484375,-0.998046875,-0.0266571044921875,-0.0049591064453125
1772882865420684500,8.0056845703125,-0.9985198974609375,-0.026947021484375,-0.0032806396484375
1772882865430616600,8.015616455078124,-0.99639892578125,-0.024810791015625,-0.004974365234375
1772882865440549600,8.025549560546875,-0.9975128173828125,-0.025665283203125,-0.005340576171875
1772882865450481700,8.035481689453125,-0.9976348876953125,-0.0263214111328125,-0.003173828125
1772882865460414700,8.045414794921875,-0.997467041015625,-0.0274200439453125,-0.00311279296875
1772882865470347500,8.055347412109375,-0.9973907470703125,-0.0281524658203125,-0.0035400390625
1772882865480279800,8.06527978515625,-0.9983367919921875,-0.027099609375,-0.0037384033203125
1772882865490212600,8.075212646484376,-0.9970855712890625,-0.0246734619140625,-0.0044708251953125
1772882865500145700,8.085145751953124,-0.99542236328125,-0.0267486572265625,-0.00396728515625
1772882865510077400,8.095077392578125,-0.9968109130859375,-0.0270233154296875,-0.0028839111328125
1772882865520010500,8.105010498046875,-0.9962158203125,-0.026519775390625,-0.0024566650390625
1772882865529943600,8.114943603515625,-0.996246337890625,-0.0270538330078125,-0.0028839111328125
1772882865539875600,8.12487548828125,-0.9959716796875,-0.0256195068359375,-0.0039520263671875
1772882865549808400,8.134808349609376,-0.9961700439453125,-0.0272674560546875,-0.0032806396484375
1772882865559741400,8.144741455078124,-0.9967498779296875,-0.0258636474609375,-0.0036773681640625
1772882865569673500,8.154673583984374,-0.99774169921875,-0.025604248046875,-0.003814697265625
1772882865579606500,8.1646064453125,-0.9984893798828125,-0.025390625,-0.003692626953125
1772882865589539600,8.17453955078125,-0.9969024658203125,-0.02587890625,-0.00396728515625
1772882865599471600,8.1844716796875,-0.9983673095703125,-0.0249786376953125,-0.0047607421875
1772882865609404700,8.19440478515625,-0.9974517822265625,-0.0252532958984375,-0.0035400390625
1772882865619337500,8.20433740234375,-0.997039794921875,-0.0264129638671875,-0.004425048828125
1772882865629269500,8.21426953125,-0.9974517822265625,-0.0270843505859375,-0.0029296875
1772882865639202600,8.22420263671875,-0.997589111328125,-0.027557373046875,-0.0019683837890625
1772882865649135600,8.234135498046875,-0.996337890625,-0.0256805419921875,-0.0024871826171875
1772882865659067600,8.244067626953125,-0.995635986328125,-0.0248565673828125,-0.003204345703125
1772882865669000700,8.254000732421876,-0.998138427734375,-0.026458740234375,-0.0041961669921875
1772882865678932700,8.2639326171875,-0.99896240234375,-0.0253753662109375,-0.00201416015625
1772882865688865500,8.273865478515624,-0.9962921142578125,-0.0259246826171875,-0.0045928955078125
1772882865698798600,8.283798583984375,-0.9963226318359375,-0.0267333984375,-0.00274658203125
1772882865708730400,8.29373046875,-0.997833251953125,-0.027069091796875,-0.0030517578125
1772882865718663700,8.30366357421875,-0.9980316162109375,-0.02581787109375,-0.0043487548828125
1772882865728596700,8.3135966796875,-0.997406005859375,-0.026123046875,-0.0033721923828125
1772882865738530600,8.323530517578124,-0.99530029296875,-0.025115966796875,-0.0044097900390625
1772882865748463600,8.333463623046875,-0.9972991943359375,-0.0250701904296875,-0.005462646484375
1772882865758395600,8.343395751953125,-0.9977569580078125,-0.0255126953125,-0.0035400390625
1772882865768328700,8.35332861328125,-0.9962158203125,-0.026519775390625,-0.00506591796875
1772882865778261800,8.36326171875,-0.998321533203125,-0.0249786376953125,-0.0023651123046875
1772882865788193500,8.373193603515626,-0.9978790283203125,-0.02423095703125,-0.002685546875
1772882865798126300,8.383126220703126,-0.997100830078125,-0.026031494140625,-0.00360107421875
1772882865808059600,8.3930595703125,-0.99658203125,-0.0272216796875,-0.0040740966796875
1772882865817991400,8.402991455078125,-0.9969024658203125,-0.0262451171875,-0.0053863525390625
1772882865827924500,8.412924560546875,-0.9978790283203125,-0.026214599609375,-0.00421142578125
1772882865837857500,8.422857421875,-0.9977874755859375,-0.027008056640625,-0.0043792724609375
1772882865847789600,8.43278955078125,-0.9957275390625,-0.0274200439453125,-0.003448486328125
1772882865857722600,8.44272265625,-0.9969024658203125,-0.025665283203125,-0.0026702880859375
1772882865867655400,8.452655517578124,-0.9968414306640625,-0.0253753662109375,-0.00384521484375
1772882865877587500,8.46258740234375,-0.9986419677734375,-0.0259552001953125,-0.00323486328125
1772882865887520500,8.4725205078125,-0.9984130859375,-0.0264129638671875,-0.0035552978515625
1772882865897453600,8.48245361328125,-0.9957122802734375,-0.0253753662109375,-0.003387451171875
1772882865907385600,8.492385498046875,-0.997314453125,-0.0241241455078125,-0.00177001953125
1772882865917318700,8.502318603515626,-0.9968719482421875,-0.02587890625,-0.0039520263671875
1772882865927251500,8.51225146484375,-0.99560546875,-0.02703857421875,-0.0038604736328125
1772882865937183700,8.522183837890625,-0.9973602294921875,-0.026397705078125,-0.0027008056640625
1772882865947116500,8.532116455078125,-0.997344970703125,-0.0269012451171875,-0.0037994384765625
1772882865957049600,8.542049560546875,-0.997039794921875,-0.0264739990234375,-0.00408935546875
1772882865966981600,8.551981689453125,-0.997161865234375,-0.02581787109375,-0.002960205078125
1772882865976914700,8.561914794921876,-0.9988250732421875,-0.024322509765625,-0.0041046142578125
1772882865986846700,8.5718466796875,-0.9977569580078125,-0.02825927734375,-0.0032806396484375
1772882865996779800,8.58177978515625,-0.99725341796875,-0.0247039794921875,-0.0040130615234375
1772882866006712600,8.591712646484375,-0.997589111328125,-0.0262451171875,-0.0045166015625
1772882866016644400,8.601644287109375,-0.99615478515625,-0.02587890625,-0.0038604736328125
1772882866026577400,8.611577392578125,-0.998138427734375,-0.025146484375,-0.0029754638671875
1772882866036510500,8.621510498046876,-0.99786376953125,-0.024749755859375,-0.0037078857421875
1772882866046442500,8.6314423828125,-0.996185302734375,-0.0260009765625,-0.0026092529296875
1772882866056375600,8.64137548828125,-0.998138427734375,-0.0262298583984375,-0.003570556640625
1772882866066308600,8.65130859375,-0.99774169921875,-0.0253753662109375,-0.003570556640625
1772882866076240600,8.66124072265625,-0.9966888427734375,-0.0257415771484375,-0.0025482177734375
1772882866086173400,8.67117333984375,-0.9966278076171875,-0.0254364013671875,-0.002716064453125
1772882866096107000,8.68110693359375,-0.9970703125,-0.0263214111328125,-0.00311279296875
1772882866106039000,8.6910390625,-0.99639892578125,-0.0256195068359375,-0.002960205078125
1772882866115972000,8.70097216796875,-0.9966583251953125,-0.026580810546875,-0.003082275390625
1772882866125905200,8.7109052734375,-0.9965667724609375,-0.02581787109375,-0.0026397705078125
1772882866135837000,8.7208369140625,-0.999114990234375,-0.025421142578125,-0.00506591796875
1772882866145769700,8.730769775390625,-0.9970703125,-0.0247955322265625,-0.0029144287109375
1772882866155703000,8.740703125,-0.99774169921875,-0.0250091552734375,-0.0034027099609375
1772882866165634800,8.750634765625,-0.9975433349609375,-0.0273590087890625,-0.0025177001953125
1772882866175568000,8.76056787109375,-0.9977569580078125,-0.0248565673828125,-0.002471923828125
1772882866185500000,8.7705,-0.997894287109375,-0.0257110595703125,-0.0020904541015625
1772882866195433000,8.780432861328125,-0.996978759765625,-0.0260467529296875,-0.0030670166015625
1772882866205366000,8.790365966796875,-0.9980621337890625,-0.02557373046875,-0.0026702880859375
1772882866215298000,8.800298095703125,-0.99688720703125,-0.0256500244140625,-0.00213623046875
1772882866225230800,8.81023095703125,-0.995574951171875,-0.0265045166015625,-0.0041351318359375
1772882866235164000,8.820163818359376,-0.9977569580078125,-0.02520751953125,-0.0034027099609375
1772882866245096000,8.830095947265624,-0.9964752197265625,-0.0254669189453125,-0.002227783203125
1772882866255029000,8.840029052734375,-0.996490478515625,-0.02569580078125,-0.0014190673828125
1772882866264962000,8.849962158203125,-0.9968109130859375,-0.0258941650390625,-0.0045166015625
1772882866274894000,8.85989404296875,-0.997711181640625,-0.025146484375,-0.00457763671875
1772882866284827000,8.869826904296875,-0.996734619140625,-0.02593994140625,-0.004669189453125
1772882866294760000,8.879760009765626,-0.995941162109375,-0.0252227783203125,-0.0032806396484375
1772882866304692000,8.88969189453125,-0.997467041015625,-0.0264434814453125,-0.0025634765625
1772882866314625000,8.899625,-0.9957275390625,-0.02716064453125,-0.0026092529296875
1772882866324558000,8.90955810546875,-0.99676513671875,-0.025909423828125,-0.00189208984375
1772882866334490000,8.919489990234375,-0.9976348876953125,-0.0251007080078125,-0.002410888671875
1772882866344423200,8.929423095703125,-0.9974365234375,-0.0262603759765625,-0.0040435791015625
1772882866354356000,8.93935595703125,-0.9969482421875,-0.02587890625,-0.0039215087890625
1772882866364287700,8.949287841796876,-0.9978485107421875,-0.025970458984375,-0.0034332275390625
1772882866374220800,8.959220703125,-0.9970245361328125,-0.02581787109375,-0.0045166015625
1772882866384153900,8.96915380859375,-0.996490478515625,-0.0262451171875,-0.0028839111328125
1772882866394086000,8.9790859375,-0.997802734375,-0.026519775390625,-0.00140380859375
1772882866404019000,8.98901904296875,-0.9976043701171875,-0.0274505615234375,-0.0022430419921875
1772882866413951000,8.998950927734375,-0.995941162109375,-0.0258026123046875,-0.00494384765625
1772882866423884000,9.008884033203126,-0.9972076416015625,-0.0262451171875,-0.00262451171875
1772882866433816800,9.01881689453125,-0.9979248046875,-0.0261383056640625,-0.0028228759765625
1772882866443748900,9.028748779296874,-0.99774169921875,-0.025177001953125,-0.004730224609375
1772882866453682000,9.038681884765625,-0.9977264404296875,-0.02520751953125,-0.003662109375
1772882866463615000,9.048614990234375,-0.9965972900390625,-0.025970458984375,-0.002532958984375
1772882866473547000,9.058547119140625,-0.9955902099609375,-0.0262908935546875,-0.00372314453125
1772882866483480000,9.06847998046875,-0.9967803955078125,-0.026275634765625,-0.001739501953125
1772882866493412900,9.078412841796874,-0.9970245361328125,-0.026519775390625,-0.002685546875
1772882866503345000,9.088344970703124,-0.99737548828125,-0.0272216796875,-0.0019378662109375
1772882866513278000,9.09827783203125,-0.9975128173828125,-0.026580810546875,-0.001983642578125
1772882866523211000,9.1082109375,-0.99798583984375,-0.02655029296875,-0.0033721923828125
1772882866533143000,9.11814306640625,-0.997344970703125,-0.0266265869140625,-0.00555419921875
1772882866543076000,9.128076171875,-0.9967193603515625,-0.025634765625,-0.004638671875
1772882866553009200,9.138009033203126,-0.996826171875,-0.0272674560546875,-0.0035858154296875
1772882866562941000,9.14794091796875,-0.9972381591796875,-0.027130126953125,-0.00323486328125
1772882866572874000,9.1578740234375,-0.9974517822265625,-0.02587890625,-0.003143310546875
1772882866582805800,9.1678056640625,-0.997222900390625,-0.025848388671875,-0.0029144287109375
1772882866592738800,9.17773876953125,-0.9960784912109375,-0.0250701904296875,-0.00311279296875
1772882866602671900,9.187671875,-0.996429443359375,-0.0255279541015625,-0.0041351318359375
1772882866612604000,9.19760400390625,-0.9983367919921875,-0.025665283203125,-0.002349853515625
1772882866622537000,9.207536865234376,-0.9972686767578125,-0.025970458984375,-0.00299072265625
1772882866632470000,9.217469970703124,-0.9973907470703125,-0.0256195068359375,-0.0030364990234375
1772882866642402000,9.227402099609375,-0.99688720703125,-0.027557373046875,-0.0024566650390625
1772882866652334800,9.2373349609375,-0.9957427978515625,-0.02630615234375,-0.002838134765625
1772882866662268000,9.247267822265625,-0.9954986572265625,-0.025726318359375,-0.002197265625
1772882866672200000,9.257199951171875,-0.996734619140625,-0.025726318359375,-0.0040740966796875
1772882866682133000,9.267133056640626,-0.9976654052734375,-0.0264892578125,-0.004302978515625
1772882866692066000,9.277066162109374,-0.9972381591796875,-0.026123046875,-0.003875732421875
1772882866701998000,9.286998046875,-0.997161865234375,-0.0255584716796875,-0.00225830078125
1772882866711931000,9.296930908203125,-0.9966888427734375,-0.02532958984375,-0.0019989013671875
1772882866721864000,9.306864013671875,-0.99700927734375,-0.0246124267578125,-0.0052947998046875
1772882866731796000,9.3167958984375,-0.997406005859375,-0.0258026123046875,-0.0041046142578125
1772882866741729000,9.32672900390625,-0.998016357421875,-0.025543212890625,-0.004058837890625
1772882866751662000,9.336662109375,-0.99639892578125,-0.0256500244140625,-0.0035247802734375
1772882866761594000,9.346593994140624,-0.9963836669921875,-0.026275634765625,-0.003814697265625
1772882866771527200,9.356527099609375,-0.9960174560546875,-0.027313232421875,-0.00439453125
1772882866781459000,9.366458984375,-0.9966583251953125,-0.0261688232421875,-0.002838134765625
1772882866791391700,9.376391845703125,-0.99774169921875,-0.025726318359375,-0.0031890869140625
1772882866801324800,9.38632470703125,-0.9971923828125,-0.024688720703125,-0.0042266845703125
1772882866811256800,9.3962568359375,-0.99658203125,-0.0262603759765625,-0.0034332275390625
1772882866821190000,9.40618994140625,-0.998077392578125,-0.02667236328125,-0.0037841796875
1772882866831123000,9.416123046875,-1.00152587890625,-0.0224609375,-0.0070343017578125
1772882866841055000,9.426054931640625,-1.0064544677734375,-0.024078369140625,-0.0175628662109375
1772882866850988000,9.435988037109375,-1.0078887939453125,-0.0289306640625,0.01165771484375
1772882866860920800,9.4459208984375,-0.9613189697265625,-0.028045654296875,0.0043182373046875
1772882866870852900,9.455852783203126,-1.00640869140625,-0.023468017578125,-0.0066375732421875
1772882866880786000,9.465785888671874,-1.023956298828125,-0.027374267578125,-0.0028533935546875
1772882866890719000,9.475718994140625,-0.965606689453125,-0.0302276611328125,0.00732421875
1772882866900651000,9.485651123046875,-0.9926605224609375,-0.0319366455078125,0.01507568359375
1772882866910584000,9.495583984375,-1.0146636962890625,-0.0283660888671875,-0.0077972412109375
1772882866920516900,9.505516845703125,-1.0005645751953125,-0.0289306640625,0.006805419921875
1772882866930449000,9.515448974609376,-0.9740447998046875,-0.029693603515625,0.00897216796875
1772882866940382000,9.5253818359375,-1.0020751953125,-0.0299072265625,0.0028228759765625
1772882866950315000,9.53531494140625,-1.0093994140625,-0.027740478515625,0.00152587890625
1772882866960247000,9.5452470703125,-0.9857025146484375,-0.0294036865234375,0.00445556640625
1772882866970180000,9.55518017578125,-0.99078369140625,-0.027069091796875,0.0054931640625
1772882866980112000,9.56511181640625,-0.9983978271484375,-0.0261993408203125,0.0028839111328125
1772882866990045000,9.575044921875,-0.991912841796875,-0.0260162353515625,0.0012054443359375
1772882866999978000,9.58497802734375,-0.9993133544921875,-0.020111083984375,-0.0199432373046875
